CREATE DATABASE  IF NOT EXISTS `project_dashboard` /*!40100 DEFAULT CHARACTER SET utf8mb4 COLLATE utf8mb4_unicode_ci */ /*!80016 DEFAULT ENCRYPTION='N' */;
USE `project_dashboard`;
-- MySQL dump 10.13  Distrib 8.0.45, for Win64 (x86_64)
--
-- Host: 127.0.0.1    Database: project_dashboard
-- ------------------------------------------------------
-- Server version	8.0.42

/*!40101 SET @OLD_CHARACTER_SET_CLIENT=@@CHARACTER_SET_CLIENT */;
/*!40101 SET @OLD_CHARACTER_SET_RESULTS=@@CHARACTER_SET_RESULTS */;
/*!40101 SET @OLD_COLLATION_CONNECTION=@@COLLATION_CONNECTION */;
/*!50503 SET NAMES utf8 */;
/*!40103 SET @OLD_TIME_ZONE=@@TIME_ZONE */;
/*!40103 SET TIME_ZONE='+00:00' */;
/*!40014 SET @OLD_UNIQUE_CHECKS=@@UNIQUE_CHECKS, UNIQUE_CHECKS=0 */;
/*!40014 SET @OLD_FOREIGN_KEY_CHECKS=@@FOREIGN_KEY_CHECKS, FOREIGN_KEY_CHECKS=0 */;
/*!40101 SET @OLD_SQL_MODE=@@SQL_MODE, SQL_MODE='NO_AUTO_VALUE_ON_ZERO' */;
/*!40111 SET @OLD_SQL_NOTES=@@SQL_NOTES, SQL_NOTES=0 */;

--
-- Table structure for table `application_logs`
--

DROP TABLE IF EXISTS `application_logs`;
/*!40101 SET @saved_cs_client     = @@character_set_client */;
/*!50503 SET character_set_client = utf8mb4 */;
CREATE TABLE `application_logs` (
  `id` bigint unsigned NOT NULL AUTO_INCREMENT,
  `correlation_id` char(36) COLLATE utf8mb4_unicode_ci DEFAULT NULL,
  `level` varchar(20) COLLATE utf8mb4_unicode_ci NOT NULL,
  `message` varchar(1000) COLLATE utf8mb4_unicode_ci NOT NULL,
  `meta` json DEFAULT NULL,
  `method` varchar(12) COLLATE utf8mb4_unicode_ci DEFAULT NULL,
  `path` varchar(500) COLLATE utf8mb4_unicode_ci DEFAULT NULL,
  `status_code` smallint unsigned DEFAULT NULL,
  `duration_ms` int unsigned DEFAULT NULL,
  `user_id` int unsigned DEFAULT NULL,
  `ip` varchar(45) COLLATE utf8mb4_unicode_ci DEFAULT NULL,
  `user_agent` varchar(512) COLLATE utf8mb4_unicode_ci DEFAULT NULL,
  `created_at` timestamp NOT NULL DEFAULT CURRENT_TIMESTAMP,
  PRIMARY KEY (`id`),
  KEY `idx_app_logs_created` (`created_at`),
  KEY `idx_app_logs_level` (`level`),
  KEY `idx_app_logs_correlation` (`correlation_id`),
  KEY `idx_app_logs_user` (`user_id`),
  CONSTRAINT `fk_app_logs_user` FOREIGN KEY (`user_id`) REFERENCES `users` (`id`) ON DELETE SET NULL
) ENGINE=InnoDB AUTO_INCREMENT=571 DEFAULT CHARSET=utf8mb4 COLLATE=utf8mb4_unicode_ci;
/*!40101 SET character_set_client = @saved_cs_client */;

--
-- Dumping data for table `application_logs`
--

LOCK TABLES `application_logs` WRITE;
/*!40000 ALTER TABLE `application_logs` DISABLE KEYS */;
INSERT INTO `application_logs` VALUES (1,'109711b5-bfea-47d5-8583-02ea8d1b782b','http','POST /api/auth/refresh 401','{\"duration_ms\": 60}','POST','/api/auth/refresh',401,60,NULL,'::1','Mozilla/5.0 (Windows NT 10.0; Win64; x64) AppleWebKit/537.36 (KHTML, like Gecko) Chrome/146.0.0.0 Safari/537.36','2026-04-07 07:58:36'),(2,'f254e574-c74d-410e-b30e-853339cb4f67','http','POST /api/auth/login 200','{\"duration_ms\": 405}','POST','/api/auth/login',200,405,NULL,'::1','Mozilla/5.0 (Windows NT 10.0; Win64; x64) AppleWebKit/537.36 (KHTML, like Gecko) Chrome/146.0.0.0 Safari/537.36','2026-04-07 07:59:57'),(3,'887d83ff-7696-4bef-a4e4-d41a64fbf42f','http','GET /api/admin/stats 200','{\"duration_ms\": 9}','GET','/api/admin/stats',200,9,1,'::1','Mozilla/5.0 (Windows NT 10.0; Win64; x64) AppleWebKit/537.36 (KHTML, like Gecko) Chrome/146.0.0.0 Safari/537.36','2026-04-07 07:59:57'),(4,'8a1cfbc3-a3dd-4589-bc44-82a046bc1f98','http','GET /api/admin/stats 304','{\"duration_ms\": 8}','GET','/api/admin/stats',304,8,1,'::1','Mozilla/5.0 (Windows NT 10.0; Win64; x64) AppleWebKit/537.36 (KHTML, like Gecko) Chrome/146.0.0.0 Safari/537.36','2026-04-07 07:59:57'),(5,'5ac2e9f3-28c2-4938-b24f-50da5a22f452','http','GET /api/admin/states 200','{\"duration_ms\": 6}','GET','/api/admin/states',200,6,1,'::1','Mozilla/5.0 (Windows NT 10.0; Win64; x64) AppleWebKit/537.36 (KHTML, like Gecko) Chrome/146.0.0.0 Safari/537.36','2026-04-07 08:00:07'),(6,'a763f8c0-3b9c-456a-be90-5099bb335e96','http','GET /api/admin/states 304','{\"duration_ms\": 9}','GET','/api/admin/states',304,9,1,'::1','Mozilla/5.0 (Windows NT 10.0; Win64; x64) AppleWebKit/537.36 (KHTML, like Gecko) Chrome/146.0.0.0 Safari/537.36','2026-04-07 08:00:07'),(7,'f81d5818-bb58-47bb-9350-e0687695c3e2','http','GET /api/admin/projects 200','{\"duration_ms\": 14}','GET','/api/admin/projects',200,14,1,'::1','Mozilla/5.0 (Windows NT 10.0; Win64; x64) AppleWebKit/537.36 (KHTML, like Gecko) Chrome/146.0.0.0 Safari/537.36','2026-04-07 08:00:07'),(8,'e9f59ba3-d656-447b-9587-46725a438d01','http','GET /api/admin/projects 304','{\"duration_ms\": 4}','GET','/api/admin/projects',304,4,1,'::1','Mozilla/5.0 (Windows NT 10.0; Win64; x64) AppleWebKit/537.36 (KHTML, like Gecko) Chrome/146.0.0.0 Safari/537.36','2026-04-07 08:00:07'),(9,'09970b73-56d2-4a65-85cb-cad4460c3245','http','GET /api/admin/states 304','{\"duration_ms\": 4}','GET','/api/admin/states',304,4,1,'::1','Mozilla/5.0 (Windows NT 10.0; Win64; x64) AppleWebKit/537.36 (KHTML, like Gecko) Chrome/146.0.0.0 Safari/537.36','2026-04-07 08:00:11'),(10,'fe5bcae8-0e5b-4c3c-b54e-9e5e4162f097','http','GET /api/admin/project-categories 200','{\"duration_ms\": 14}','GET','/api/admin/project-categories',200,14,1,'::1','Mozilla/5.0 (Windows NT 10.0; Win64; x64) AppleWebKit/537.36 (KHTML, like Gecko) Chrome/146.0.0.0 Safari/537.36','2026-04-07 08:00:11'),(11,'8c1e5ee3-b169-413c-ba85-cbe1b55642b9','http','GET /api/admin/states 304','{\"duration_ms\": 6}','GET','/api/admin/states',304,6,1,'::1','Mozilla/5.0 (Windows NT 10.0; Win64; x64) AppleWebKit/537.36 (KHTML, like Gecko) Chrome/146.0.0.0 Safari/537.36','2026-04-07 08:00:11'),(12,'1ffb2cdd-b0de-400e-b809-6922398d9aa3','http','GET /api/admin/project-categories 304','{\"duration_ms\": 4}','GET','/api/admin/project-categories',304,4,1,'::1','Mozilla/5.0 (Windows NT 10.0; Win64; x64) AppleWebKit/537.36 (KHTML, like Gecko) Chrome/146.0.0.0 Safari/537.36','2026-04-07 08:00:11'),(13,'eb1d9a50-8501-464f-a97a-c116795d08d0','http','GET /api/admin/locations 200','{\"duration_ms\": 7}','GET','/api/admin/locations',200,7,1,'::1','Mozilla/5.0 (Windows NT 10.0; Win64; x64) AppleWebKit/537.36 (KHTML, like Gecko) Chrome/146.0.0.0 Safari/537.36','2026-04-07 08:00:23'),(14,'57a740d6-f78f-4572-960f-24361dbce9b1','http','GET /api/admin/states 304','{\"duration_ms\": 5}','GET','/api/admin/states',304,5,1,'::1','Mozilla/5.0 (Windows NT 10.0; Win64; x64) AppleWebKit/537.36 (KHTML, like Gecko) Chrome/146.0.0.0 Safari/537.36','2026-04-07 08:00:26'),(15,'724dde35-f8eb-4a4e-afc8-db45606d1965','http','GET /api/admin/states 304','{\"duration_ms\": 4}','GET','/api/admin/states',304,4,1,'::1','Mozilla/5.0 (Windows NT 10.0; Win64; x64) AppleWebKit/537.36 (KHTML, like Gecko) Chrome/146.0.0.0 Safari/537.36','2026-04-07 08:00:26'),(16,'ebf6f75f-53bf-45b7-8143-c74035dc3894','http','PUT /api/admin/states/2 200','{\"duration_ms\": 10}','PUT','/api/admin/states/2',200,10,1,'::1','Mozilla/5.0 (Windows NT 10.0; Win64; x64) AppleWebKit/537.36 (KHTML, like Gecko) Chrome/146.0.0.0 Safari/537.36','2026-04-07 08:00:30'),(17,'72dca771-3f1c-48b2-bd5c-eb0b8b403627','http','GET /api/admin/states 200','{\"duration_ms\": 4}','GET','/api/admin/states',200,4,1,'::1','Mozilla/5.0 (Windows NT 10.0; Win64; x64) AppleWebKit/537.36 (KHTML, like Gecko) Chrome/146.0.0.0 Safari/537.36','2026-04-07 08:00:30'),(18,'062e2205-7f39-4f86-91f3-d1d8f94ad792','http','PUT /api/admin/states/2 200','{\"duration_ms\": 7}','PUT','/api/admin/states/2',200,7,1,'::1','Mozilla/5.0 (Windows NT 10.0; Win64; x64) AppleWebKit/537.36 (KHTML, like Gecko) Chrome/146.0.0.0 Safari/537.36','2026-04-07 08:00:34'),(19,'15da1a56-82c6-4f8d-9bef-2c8d90b4f485','http','GET /api/admin/states 200','{\"duration_ms\": 3}','GET','/api/admin/states',200,3,1,'::1','Mozilla/5.0 (Windows NT 10.0; Win64; x64) AppleWebKit/537.36 (KHTML, like Gecko) Chrome/146.0.0.0 Safari/537.36','2026-04-07 08:00:34'),(20,'6814dc84-0add-408c-ad87-222522c8bf39','http','GET /api/admin/states 304','{\"duration_ms\": 5}','GET','/api/admin/states',304,5,1,'::1','Mozilla/5.0 (Windows NT 10.0; Win64; x64) AppleWebKit/537.36 (KHTML, like Gecko) Chrome/146.0.0.0 Safari/537.36','2026-04-07 08:01:53'),(21,'920cd365-8795-4677-931e-1f4bf1406a08','http','GET /api/admin/states 304','{\"duration_ms\": 5}','GET','/api/admin/states',304,5,1,'::1','Mozilla/5.0 (Windows NT 10.0; Win64; x64) AppleWebKit/537.36 (KHTML, like Gecko) Chrome/146.0.0.0 Safari/537.36','2026-04-07 08:01:53'),(22,'a8779297-7b12-49aa-8580-d475a64d07fb','http','GET /api/admin/states 304','{\"duration_ms\": 4}','GET','/api/admin/states',304,4,1,'::1','Mozilla/5.0 (Windows NT 10.0; Win64; x64) AppleWebKit/537.36 (KHTML, like Gecko) Chrome/146.0.0.0 Safari/537.36','2026-04-07 08:01:55'),(23,'29653337-9868-4391-b650-93fc107e1ac0','http','GET /api/admin/states 304','{\"duration_ms\": 4}','GET','/api/admin/states',304,4,1,'::1','Mozilla/5.0 (Windows NT 10.0; Win64; x64) AppleWebKit/537.36 (KHTML, like Gecko) Chrome/146.0.0.0 Safari/537.36','2026-04-07 08:01:57'),(24,'375f24f8-3146-4ff5-9d82-eeff9d44ea22','http','PUT /api/admin/states/4 200','{\"duration_ms\": 7}','PUT','/api/admin/states/4',200,7,1,'::1','Mozilla/5.0 (Windows NT 10.0; Win64; x64) AppleWebKit/537.36 (KHTML, like Gecko) Chrome/146.0.0.0 Safari/537.36','2026-04-07 08:03:34'),(25,'6139f02e-1219-465e-994e-63cf859ab553','http','GET /api/admin/states 200','{\"duration_ms\": 3}','GET','/api/admin/states',200,3,1,'::1','Mozilla/5.0 (Windows NT 10.0; Win64; x64) AppleWebKit/537.36 (KHTML, like Gecko) Chrome/146.0.0.0 Safari/537.36','2026-04-07 08:03:34'),(26,'cb89d04a-6b56-44e4-a53e-f97e282109a4','http','PUT /api/admin/states/5 200','{\"duration_ms\": 8}','PUT','/api/admin/states/5',200,8,1,'::1','Mozilla/5.0 (Windows NT 10.0; Win64; x64) AppleWebKit/537.36 (KHTML, like Gecko) Chrome/146.0.0.0 Safari/537.36','2026-04-07 08:03:36'),(27,'9b94527b-db4f-4ae6-bcaf-370fbe251b88','http','GET /api/admin/states 200','{\"duration_ms\": 3}','GET','/api/admin/states',200,3,1,'::1','Mozilla/5.0 (Windows NT 10.0; Win64; x64) AppleWebKit/537.36 (KHTML, like Gecko) Chrome/146.0.0.0 Safari/537.36','2026-04-07 08:03:36'),(28,'cd198a3c-9f0f-4a75-b41c-027085d74bec','http','PUT /api/admin/states/8 200','{\"duration_ms\": 8}','PUT','/api/admin/states/8',200,8,1,'::1','Mozilla/5.0 (Windows NT 10.0; Win64; x64) AppleWebKit/537.36 (KHTML, like Gecko) Chrome/146.0.0.0 Safari/537.36','2026-04-07 08:03:39'),(29,'896d183c-3b26-4450-adb5-64a1b06ee1ba','http','GET /api/admin/states 200','{\"duration_ms\": 3}','GET','/api/admin/states',200,3,1,'::1','Mozilla/5.0 (Windows NT 10.0; Win64; x64) AppleWebKit/537.36 (KHTML, like Gecko) Chrome/146.0.0.0 Safari/537.36','2026-04-07 08:03:39'),(30,'0929677c-f2ee-43f6-a326-66f7770e05dd','http','PUT /api/admin/states/9 200','{\"duration_ms\": 7}','PUT','/api/admin/states/9',200,7,1,'::1','Mozilla/5.0 (Windows NT 10.0; Win64; x64) AppleWebKit/537.36 (KHTML, like Gecko) Chrome/146.0.0.0 Safari/537.36','2026-04-07 08:03:39'),(31,'7f6556f0-c5c2-4304-85bb-15273d6a9790','http','GET /api/admin/states 200','{\"duration_ms\": 2}','GET','/api/admin/states',200,2,1,'::1','Mozilla/5.0 (Windows NT 10.0; Win64; x64) AppleWebKit/537.36 (KHTML, like Gecko) Chrome/146.0.0.0 Safari/537.36','2026-04-07 08:03:39'),(32,'1554beaa-a167-476d-bc1e-8bdc5231fd79','http','PUT /api/admin/states/10 200','{\"duration_ms\": 6}','PUT','/api/admin/states/10',200,6,1,'::1','Mozilla/5.0 (Windows NT 10.0; Win64; x64) AppleWebKit/537.36 (KHTML, like Gecko) Chrome/146.0.0.0 Safari/537.36','2026-04-07 08:03:41'),(33,'bb074029-a8c7-498c-8067-6cae3fbf1755','http','GET /api/admin/states 200','{\"duration_ms\": 3}','GET','/api/admin/states',200,3,1,'::1','Mozilla/5.0 (Windows NT 10.0; Win64; x64) AppleWebKit/537.36 (KHTML, like Gecko) Chrome/146.0.0.0 Safari/537.36','2026-04-07 08:03:41'),(34,'cc272be2-7e8a-45ce-a021-03966fdde601','http','PUT /api/admin/states/15 200','{\"duration_ms\": 9}','PUT','/api/admin/states/15',200,9,1,'::1','Mozilla/5.0 (Windows NT 10.0; Win64; x64) AppleWebKit/537.36 (KHTML, like Gecko) Chrome/146.0.0.0 Safari/537.36','2026-04-07 08:03:46'),(35,'35790a23-4590-4014-9a3c-2b9fef16e44e','http','GET /api/admin/states 200','{\"duration_ms\": 3}','GET','/api/admin/states',200,3,1,'::1','Mozilla/5.0 (Windows NT 10.0; Win64; x64) AppleWebKit/537.36 (KHTML, like Gecko) Chrome/146.0.0.0 Safari/537.36','2026-04-07 08:03:46'),(36,'925f404c-2736-48ea-97f7-048ddd0b6a5e','http','PUT /api/admin/states/16 200','{\"duration_ms\": 7}','PUT','/api/admin/states/16',200,7,1,'::1','Mozilla/5.0 (Windows NT 10.0; Win64; x64) AppleWebKit/537.36 (KHTML, like Gecko) Chrome/146.0.0.0 Safari/537.36','2026-04-07 08:03:49'),(37,'96e596ea-fc21-42ca-b1eb-d95d32eb7704','http','GET /api/admin/states 200','{\"duration_ms\": 4}','GET','/api/admin/states',200,4,1,'::1','Mozilla/5.0 (Windows NT 10.0; Win64; x64) AppleWebKit/537.36 (KHTML, like Gecko) Chrome/146.0.0.0 Safari/537.36','2026-04-07 08:03:49'),(38,'0a1594fb-1440-415d-b818-edf460c4601c','http','PUT /api/admin/states/17 200','{\"duration_ms\": 7}','PUT','/api/admin/states/17',200,7,1,'::1','Mozilla/5.0 (Windows NT 10.0; Win64; x64) AppleWebKit/537.36 (KHTML, like Gecko) Chrome/146.0.0.0 Safari/537.36','2026-04-07 08:03:50'),(39,'5b95a5b7-9852-4685-a1b4-565cba8c434d','http','GET /api/admin/states 200','{\"duration_ms\": 3}','GET','/api/admin/states',200,3,1,'::1','Mozilla/5.0 (Windows NT 10.0; Win64; x64) AppleWebKit/537.36 (KHTML, like Gecko) Chrome/146.0.0.0 Safari/537.36','2026-04-07 08:03:50'),(40,'6dee5ca3-8e05-4015-b710-d22aad383d1f','http','PUT /api/admin/states/18 200','{\"duration_ms\": 8}','PUT','/api/admin/states/18',200,8,1,'::1','Mozilla/5.0 (Windows NT 10.0; Win64; x64) AppleWebKit/537.36 (KHTML, like Gecko) Chrome/146.0.0.0 Safari/537.36','2026-04-07 08:03:51'),(41,'82e66e71-5ffe-4a1c-b021-8876e0fda7c8','http','GET /api/admin/states 200','{\"duration_ms\": 3}','GET','/api/admin/states',200,3,1,'::1','Mozilla/5.0 (Windows NT 10.0; Win64; x64) AppleWebKit/537.36 (KHTML, like Gecko) Chrome/146.0.0.0 Safari/537.36','2026-04-07 08:03:51'),(42,'3d88ca0d-878a-4af6-84b8-4003c51e3cf5','http','PUT /api/admin/states/20 200','{\"duration_ms\": 8}','PUT','/api/admin/states/20',200,8,1,'::1','Mozilla/5.0 (Windows NT 10.0; Win64; x64) AppleWebKit/537.36 (KHTML, like Gecko) Chrome/146.0.0.0 Safari/537.36','2026-04-07 08:03:54'),(43,'90c08c48-932f-48fc-9c17-eef7d4ad2f85','http','GET /api/admin/states 200','{\"duration_ms\": 4}','GET','/api/admin/states',200,4,1,'::1','Mozilla/5.0 (Windows NT 10.0; Win64; x64) AppleWebKit/537.36 (KHTML, like Gecko) Chrome/146.0.0.0 Safari/537.36','2026-04-07 08:03:54'),(44,'a6725ae3-3fe8-42b2-928a-6d12d8304acd','http','PUT /api/admin/states/21 200','{\"duration_ms\": 8}','PUT','/api/admin/states/21',200,8,1,'::1','Mozilla/5.0 (Windows NT 10.0; Win64; x64) AppleWebKit/537.36 (KHTML, like Gecko) Chrome/146.0.0.0 Safari/537.36','2026-04-07 08:03:57'),(45,'3287649f-212a-4b53-a20c-cc6c2f97fbde','http','GET /api/admin/states 200','{\"duration_ms\": 4}','GET','/api/admin/states',200,4,1,'::1','Mozilla/5.0 (Windows NT 10.0; Win64; x64) AppleWebKit/537.36 (KHTML, like Gecko) Chrome/146.0.0.0 Safari/537.36','2026-04-07 08:03:57'),(46,'12e4f6e9-2a12-4407-b3a6-0dc59d85b605','http','PUT /api/admin/states/22 200','{\"duration_ms\": 8}','PUT','/api/admin/states/22',200,8,1,'::1','Mozilla/5.0 (Windows NT 10.0; Win64; x64) AppleWebKit/537.36 (KHTML, like Gecko) Chrome/146.0.0.0 Safari/537.36','2026-04-07 08:03:58'),(47,'aaae3a4f-e07b-4d4c-9da0-627b10c32daa','http','GET /api/admin/states 200','{\"duration_ms\": 3}','GET','/api/admin/states',200,3,1,'::1','Mozilla/5.0 (Windows NT 10.0; Win64; x64) AppleWebKit/537.36 (KHTML, like Gecko) Chrome/146.0.0.0 Safari/537.36','2026-04-07 08:03:58'),(48,'0e2b941a-f079-4fe2-b4bd-6a349ab0590e','http','PUT /api/admin/states/25 200','{\"duration_ms\": 9}','PUT','/api/admin/states/25',200,9,1,'::1','Mozilla/5.0 (Windows NT 10.0; Win64; x64) AppleWebKit/537.36 (KHTML, like Gecko) Chrome/146.0.0.0 Safari/537.36','2026-04-07 08:04:01'),(49,'96f00882-eb52-4a09-9c08-1a2b05ea4dab','http','GET /api/admin/states 200','{\"duration_ms\": 4}','GET','/api/admin/states',200,4,1,'::1','Mozilla/5.0 (Windows NT 10.0; Win64; x64) AppleWebKit/537.36 (KHTML, like Gecko) Chrome/146.0.0.0 Safari/537.36','2026-04-07 08:04:01'),(50,'f9f24bdf-5381-4d17-aef4-10e90a1dbe17','http','PUT /api/admin/states/26 200','{\"duration_ms\": 8}','PUT','/api/admin/states/26',200,8,1,'::1','Mozilla/5.0 (Windows NT 10.0; Win64; x64) AppleWebKit/537.36 (KHTML, like Gecko) Chrome/146.0.0.0 Safari/537.36','2026-04-07 08:04:03'),(51,'7e50163c-1d1f-4d7f-8384-8d660b4cf59d','http','GET /api/admin/states 200','{\"duration_ms\": 4}','GET','/api/admin/states',200,4,1,'::1','Mozilla/5.0 (Windows NT 10.0; Win64; x64) AppleWebKit/537.36 (KHTML, like Gecko) Chrome/146.0.0.0 Safari/537.36','2026-04-07 08:04:03'),(52,'586f4bbf-871f-4b59-8926-86b33a325846','http','PUT /api/admin/states/27 200','{\"duration_ms\": 7}','PUT','/api/admin/states/27',200,7,1,'::1','Mozilla/5.0 (Windows NT 10.0; Win64; x64) AppleWebKit/537.36 (KHTML, like Gecko) Chrome/146.0.0.0 Safari/537.36','2026-04-07 08:04:04'),(53,'43269e22-f019-468a-8292-e664ac16f2e3','http','GET /api/admin/states 200','{\"duration_ms\": 3}','GET','/api/admin/states',200,3,1,'::1','Mozilla/5.0 (Windows NT 10.0; Win64; x64) AppleWebKit/537.36 (KHTML, like Gecko) Chrome/146.0.0.0 Safari/537.36','2026-04-07 08:04:04'),(54,'33ffe587-a896-4266-a294-00f39238b292','http','PUT /api/admin/states/28 200','{\"duration_ms\": 8}','PUT','/api/admin/states/28',200,8,1,'::1','Mozilla/5.0 (Windows NT 10.0; Win64; x64) AppleWebKit/537.36 (KHTML, like Gecko) Chrome/146.0.0.0 Safari/537.36','2026-04-07 08:04:05'),(55,'83be88a8-f9df-4de6-bf60-19f0649d73c9','http','GET /api/admin/states 200','{\"duration_ms\": 4}','GET','/api/admin/states',200,4,1,'::1','Mozilla/5.0 (Windows NT 10.0; Win64; x64) AppleWebKit/537.36 (KHTML, like Gecko) Chrome/146.0.0.0 Safari/537.36','2026-04-07 08:04:05'),(56,'839b9fc1-35ff-4681-b6ad-ff5c971cb1af','http','PUT /api/admin/states/29 200','{\"duration_ms\": 8}','PUT','/api/admin/states/29',200,8,1,'::1','Mozilla/5.0 (Windows NT 10.0; Win64; x64) AppleWebKit/537.36 (KHTML, like Gecko) Chrome/146.0.0.0 Safari/537.36','2026-04-07 08:04:06'),(57,'a8856a2f-fbd5-4b1a-9547-f4392f56d759','http','GET /api/admin/states 200','{\"duration_ms\": 4}','GET','/api/admin/states',200,4,1,'::1','Mozilla/5.0 (Windows NT 10.0; Win64; x64) AppleWebKit/537.36 (KHTML, like Gecko) Chrome/146.0.0.0 Safari/537.36','2026-04-07 08:04:06'),(58,'653885f1-5c57-4ab8-990f-9eb0b97c46e6','http','PUT /api/admin/states/30 200','{\"duration_ms\": 8}','PUT','/api/admin/states/30',200,8,1,'::1','Mozilla/5.0 (Windows NT 10.0; Win64; x64) AppleWebKit/537.36 (KHTML, like Gecko) Chrome/146.0.0.0 Safari/537.36','2026-04-07 08:04:07'),(59,'31d743d7-8659-40b7-929e-80aadc7276ee','http','GET /api/admin/states 200','{\"duration_ms\": 4}','GET','/api/admin/states',200,4,1,'::1','Mozilla/5.0 (Windows NT 10.0; Win64; x64) AppleWebKit/537.36 (KHTML, like Gecko) Chrome/146.0.0.0 Safari/537.36','2026-04-07 08:04:07'),(60,'38e0dafe-4dad-4e4e-b142-75254dc18e69','http','PUT /api/admin/states/31 200','{\"duration_ms\": 7}','PUT','/api/admin/states/31',200,7,1,'::1','Mozilla/5.0 (Windows NT 10.0; Win64; x64) AppleWebKit/537.36 (KHTML, like Gecko) Chrome/146.0.0.0 Safari/537.36','2026-04-07 08:04:08'),(61,'ff9b46b0-6755-43bc-be82-9110aa391986','http','GET /api/admin/states 200','{\"duration_ms\": 3}','GET','/api/admin/states',200,3,1,'::1','Mozilla/5.0 (Windows NT 10.0; Win64; x64) AppleWebKit/537.36 (KHTML, like Gecko) Chrome/146.0.0.0 Safari/537.36','2026-04-07 08:04:08'),(62,'f811f9f9-de87-41de-93be-c8f7bf4a927e','http','PUT /api/admin/states/32 200','{\"duration_ms\": 8}','PUT','/api/admin/states/32',200,8,1,'::1','Mozilla/5.0 (Windows NT 10.0; Win64; x64) AppleWebKit/537.36 (KHTML, like Gecko) Chrome/146.0.0.0 Safari/537.36','2026-04-07 08:04:10'),(63,'6d81f485-bfad-4dae-9bec-9dbd8aa6434b','http','GET /api/admin/states 200','{\"duration_ms\": 4}','GET','/api/admin/states',200,4,1,'::1','Mozilla/5.0 (Windows NT 10.0; Win64; x64) AppleWebKit/537.36 (KHTML, like Gecko) Chrome/146.0.0.0 Safari/537.36','2026-04-07 08:04:10'),(64,'4e2a6f2b-d598-4c27-8793-68016408075c','http','PUT /api/admin/states/33 200','{\"duration_ms\": 10}','PUT','/api/admin/states/33',200,10,1,'::1','Mozilla/5.0 (Windows NT 10.0; Win64; x64) AppleWebKit/537.36 (KHTML, like Gecko) Chrome/146.0.0.0 Safari/537.36','2026-04-07 08:04:11'),(65,'604870e6-0aae-4308-a4bd-c2a025442ee3','http','GET /api/admin/states 200','{\"duration_ms\": 3}','GET','/api/admin/states',200,3,1,'::1','Mozilla/5.0 (Windows NT 10.0; Win64; x64) AppleWebKit/537.36 (KHTML, like Gecko) Chrome/146.0.0.0 Safari/537.36','2026-04-07 08:04:11'),(66,'627880c9-c632-41a6-baef-969313353a4f','http','PUT /api/admin/states/34 200','{\"duration_ms\": 8}','PUT','/api/admin/states/34',200,8,1,'::1','Mozilla/5.0 (Windows NT 10.0; Win64; x64) AppleWebKit/537.36 (KHTML, like Gecko) Chrome/146.0.0.0 Safari/537.36','2026-04-07 08:04:12'),(67,'1f4926ae-53be-4205-98e5-08c47ca76c02','http','GET /api/admin/states 200','{\"duration_ms\": 4}','GET','/api/admin/states',200,4,1,'::1','Mozilla/5.0 (Windows NT 10.0; Win64; x64) AppleWebKit/537.36 (KHTML, like Gecko) Chrome/146.0.0.0 Safari/537.36','2026-04-07 08:04:12'),(68,'801dad8d-1441-4d87-b028-a1b129e124a7','http','PUT /api/admin/states/35 200','{\"duration_ms\": 9}','PUT','/api/admin/states/35',200,9,1,'::1','Mozilla/5.0 (Windows NT 10.0; Win64; x64) AppleWebKit/537.36 (KHTML, like Gecko) Chrome/146.0.0.0 Safari/537.36','2026-04-07 08:04:13'),(69,'bbcbaf05-a901-4d50-8f69-d9ad2a6e6df9','http','GET /api/admin/states 200','{\"duration_ms\": 4}','GET','/api/admin/states',200,4,1,'::1','Mozilla/5.0 (Windows NT 10.0; Win64; x64) AppleWebKit/537.36 (KHTML, like Gecko) Chrome/146.0.0.0 Safari/537.36','2026-04-07 08:04:13'),(70,'e5ae7503-9899-4ae6-9202-8b603044d516','http','PUT /api/admin/states/36 200','{\"duration_ms\": 8}','PUT','/api/admin/states/36',200,8,1,'::1','Mozilla/5.0 (Windows NT 10.0; Win64; x64) AppleWebKit/537.36 (KHTML, like Gecko) Chrome/146.0.0.0 Safari/537.36','2026-04-07 08:04:13'),(71,'ad257a6a-e5b0-4dc2-ada9-488164e005a7','http','GET /api/admin/states 200','{\"duration_ms\": 4}','GET','/api/admin/states',200,4,1,'::1','Mozilla/5.0 (Windows NT 10.0; Win64; x64) AppleWebKit/537.36 (KHTML, like Gecko) Chrome/146.0.0.0 Safari/537.36','2026-04-07 08:04:13'),(72,'ec68cf98-32c0-475c-b180-03f61d5aef19','http','PUT /api/admin/states/3 200','{\"duration_ms\": 7}','PUT','/api/admin/states/3',200,7,1,'::1','Mozilla/5.0 (Windows NT 10.0; Win64; x64) AppleWebKit/537.36 (KHTML, like Gecko) Chrome/146.0.0.0 Safari/537.36','2026-04-07 08:04:25'),(73,'7b9b31a3-5fdf-412b-94ce-d083dd3680cd','http','GET /api/admin/states 200','{\"duration_ms\": 4}','GET','/api/admin/states',200,4,1,'::1','Mozilla/5.0 (Windows NT 10.0; Win64; x64) AppleWebKit/537.36 (KHTML, like Gecko) Chrome/146.0.0.0 Safari/537.36','2026-04-07 08:04:25'),(74,'0dcf67b0-3dd2-4c7f-9af1-a7e7f917375d','http','PUT /api/admin/states/2 200','{\"duration_ms\": 10}','PUT','/api/admin/states/2',200,10,1,'::1','Mozilla/5.0 (Windows NT 10.0; Win64; x64) AppleWebKit/537.36 (KHTML, like Gecko) Chrome/146.0.0.0 Safari/537.36','2026-04-07 08:04:27'),(75,'19e0b019-2e4b-4356-9968-65c8173e4e7e','http','GET /api/admin/states 200','{\"duration_ms\": 3}','GET','/api/admin/states',200,3,1,'::1','Mozilla/5.0 (Windows NT 10.0; Win64; x64) AppleWebKit/537.36 (KHTML, like Gecko) Chrome/146.0.0.0 Safari/537.36','2026-04-07 08:04:27'),(76,'a999b36f-7fe8-4a86-a095-df9baed5078c','http','GET /api/admin/locations 304','{\"duration_ms\": 4}','GET','/api/admin/locations',304,4,1,'::1','Mozilla/5.0 (Windows NT 10.0; Win64; x64) AppleWebKit/537.36 (KHTML, like Gecko) Chrome/146.0.0.0 Safari/537.36','2026-04-07 08:04:35'),(77,'c63d0907-1075-4688-9449-26ceeab3065d','http','GET /api/admin/states 304','{\"duration_ms\": 4}','GET','/api/admin/states',304,4,1,'::1','Mozilla/5.0 (Windows NT 10.0; Win64; x64) AppleWebKit/537.36 (KHTML, like Gecko) Chrome/146.0.0.0 Safari/537.36','2026-04-07 08:04:35'),(78,'2624a62e-9042-4a4c-8f76-eca56b8d9dc1','http','GET /api/admin/locations 304','{\"duration_ms\": 3}','GET','/api/admin/locations',304,3,1,'::1','Mozilla/5.0 (Windows NT 10.0; Win64; x64) AppleWebKit/537.36 (KHTML, like Gecko) Chrome/146.0.0.0 Safari/537.36','2026-04-07 08:04:35'),(79,'00741e15-944c-449c-bee9-b640ee31821d','http','GET /api/admin/states 304','{\"duration_ms\": 3}','GET','/api/admin/states',304,3,1,'::1','Mozilla/5.0 (Windows NT 10.0; Win64; x64) AppleWebKit/537.36 (KHTML, like Gecko) Chrome/146.0.0.0 Safari/537.36','2026-04-07 08:04:35'),(80,'eaad28e5-7087-434b-adcd-48faf8a9ceab','http','GET /api/admin/project-categories 200','{\"duration_ms\": 5}','GET','/api/admin/project-categories?includeInactive=1',200,5,1,'::1','Mozilla/5.0 (Windows NT 10.0; Win64; x64) AppleWebKit/537.36 (KHTML, like Gecko) Chrome/146.0.0.0 Safari/537.36','2026-04-07 08:04:43'),(81,'99610aad-389e-4b9f-8381-3211ec72a940','http','GET /api/admin/project-categories 304','{\"duration_ms\": 4}','GET','/api/admin/project-categories?includeInactive=1',304,4,1,'::1','Mozilla/5.0 (Windows NT 10.0; Win64; x64) AppleWebKit/537.36 (KHTML, like Gecko) Chrome/146.0.0.0 Safari/537.36','2026-04-07 08:04:43'),(82,'8884843c-eef1-4fff-9fe6-fa0a3ab54267','http','PATCH /api/admin/project-categories/1 200','{\"duration_ms\": 14}','PATCH','/api/admin/project-categories/1',200,14,1,'::1','Mozilla/5.0 (Windows NT 10.0; Win64; x64) AppleWebKit/537.36 (KHTML, like Gecko) Chrome/146.0.0.0 Safari/537.36','2026-04-07 08:05:23'),(83,'76a3ef2e-52b0-43be-aa4c-69f5a628e15b','http','GET /api/admin/project-categories 200','{\"duration_ms\": 3}','GET','/api/admin/project-categories?includeInactive=1',200,3,1,'::1','Mozilla/5.0 (Windows NT 10.0; Win64; x64) AppleWebKit/537.36 (KHTML, like Gecko) Chrome/146.0.0.0 Safari/537.36','2026-04-07 08:05:23'),(84,'38dbc1f2-e35b-49ba-b095-65999b8c0882','http','PATCH /api/admin/project-categories/1 200','{\"duration_ms\": 11}','PATCH','/api/admin/project-categories/1',200,11,1,'::1','Mozilla/5.0 (Windows NT 10.0; Win64; x64) AppleWebKit/537.36 (KHTML, like Gecko) Chrome/146.0.0.0 Safari/537.36','2026-04-07 08:05:23'),(85,'6f950cbc-9607-48c9-965c-3bb9b0e645fc','http','GET /api/admin/project-categories 200','{\"duration_ms\": 3}','GET','/api/admin/project-categories?includeInactive=1',200,3,1,'::1','Mozilla/5.0 (Windows NT 10.0; Win64; x64) AppleWebKit/537.36 (KHTML, like Gecko) Chrome/146.0.0.0 Safari/537.36','2026-04-07 08:05:23'),(86,'d4582d60-2474-47c7-a3dc-7a71ea4ab432','http','GET /api/admin/project-categories 304','{\"duration_ms\": 5}','GET','/api/admin/project-categories?includeInactive=1',304,5,1,'::1','Mozilla/5.0 (Windows NT 10.0; Win64; x64) AppleWebKit/537.36 (KHTML, like Gecko) Chrome/146.0.0.0 Safari/537.36','2026-04-07 08:09:30'),(87,'a19805a5-de6d-4160-a834-9e8acc03ee0a','http','GET /api/admin/project-categories 304','{\"duration_ms\": 3}','GET','/api/admin/project-categories?includeInactive=1',304,3,1,'::1','Mozilla/5.0 (Windows NT 10.0; Win64; x64) AppleWebKit/537.36 (KHTML, like Gecko) Chrome/146.0.0.0 Safari/537.36','2026-04-07 08:09:30'),(88,'e091bac5-b75f-4def-86ff-b59b7ec13c60','http','PATCH /api/admin/project-categories/1 200','{\"duration_ms\": 12}','PATCH','/api/admin/project-categories/1',200,12,1,'::1','Mozilla/5.0 (Windows NT 10.0; Win64; x64) AppleWebKit/537.36 (KHTML, like Gecko) Chrome/146.0.0.0 Safari/537.36','2026-04-07 08:12:19'),(89,'78eefd97-a8f5-4a90-a031-582a12d209a3','http','GET /api/admin/project-categories 200','{\"duration_ms\": 4}','GET','/api/admin/project-categories?includeInactive=1',200,4,1,'::1','Mozilla/5.0 (Windows NT 10.0; Win64; x64) AppleWebKit/537.36 (KHTML, like Gecko) Chrome/146.0.0.0 Safari/537.36','2026-04-07 08:12:19'),(90,'5d876828-a9d0-41fe-9c57-d3f95a72ef73','http','GET /api/admin/states 304','{\"duration_ms\": 5}','GET','/api/admin/states',304,5,1,'::1','Mozilla/5.0 (Windows NT 10.0; Win64; x64) AppleWebKit/537.36 (KHTML, like Gecko) Chrome/146.0.0.0 Safari/537.36','2026-04-07 08:12:28'),(91,'31171d5b-706a-43c7-910e-f2da580ab38a','http','GET /api/admin/project-categories 200','{\"duration_ms\": 4}','GET','/api/admin/project-categories',200,4,1,'::1','Mozilla/5.0 (Windows NT 10.0; Win64; x64) AppleWebKit/537.36 (KHTML, like Gecko) Chrome/146.0.0.0 Safari/537.36','2026-04-07 08:12:28'),(92,'cb38b71a-23f9-41d8-80be-61ec95338fd8','http','GET /api/admin/states 304','{\"duration_ms\": 6}','GET','/api/admin/states',304,6,1,'::1','Mozilla/5.0 (Windows NT 10.0; Win64; x64) AppleWebKit/537.36 (KHTML, like Gecko) Chrome/146.0.0.0 Safari/537.36','2026-04-07 08:12:28'),(93,'eefe8deb-5d05-48d9-8859-95cd1346bf93','http','GET /api/admin/project-categories 304','{\"duration_ms\": 4}','GET','/api/admin/project-categories',304,4,1,'::1','Mozilla/5.0 (Windows NT 10.0; Win64; x64) AppleWebKit/537.36 (KHTML, like Gecko) Chrome/146.0.0.0 Safari/537.36','2026-04-07 08:12:28'),(94,'d832ee04-df4e-4da6-b066-f6b415078f99','http','GET /api/admin/locations 304','{\"duration_ms\": 5}','GET','/api/admin/locations',304,5,1,'::1','Mozilla/5.0 (Windows NT 10.0; Win64; x64) AppleWebKit/537.36 (KHTML, like Gecko) Chrome/146.0.0.0 Safari/537.36','2026-04-07 08:13:05'),(95,'7f412672-046b-48c3-8f35-656e2fe37cdf','http','GET /api/admin/locations 304','{\"duration_ms\": 3}','GET','/api/admin/locations',304,3,1,'::1','Mozilla/5.0 (Windows NT 10.0; Win64; x64) AppleWebKit/537.36 (KHTML, like Gecko) Chrome/146.0.0.0 Safari/537.36','2026-04-07 08:13:10'),(96,'7b9aa66e-b379-49cf-a785-2f633d4a1699','http','GET /api/admin/locations 304','{\"duration_ms\": 4}','GET','/api/admin/locations',304,4,1,'::1','Mozilla/5.0 (Windows NT 10.0; Win64; x64) AppleWebKit/537.36 (KHTML, like Gecko) Chrome/146.0.0.0 Safari/537.36','2026-04-07 08:13:15'),(97,'62b394f6-998f-493f-be3a-d0671e87f28a','http','GET /api/admin/project-categories 401','{\"duration_ms\": 4}','GET','/api/admin/project-categories',401,4,NULL,'::1','Mozilla/5.0 (Windows NT 10.0; Win64; x64) AppleWebKit/537.36 (KHTML, like Gecko) Chrome/146.0.0.0 Safari/537.36','2026-04-07 08:15:09'),(98,'a3c7ac23-b90a-4dac-90cb-b1f808df5c83','http','GET /api/admin/states 401','{\"duration_ms\": 3}','GET','/api/admin/states',401,3,NULL,'::1','Mozilla/5.0 (Windows NT 10.0; Win64; x64) AppleWebKit/537.36 (KHTML, like Gecko) Chrome/146.0.0.0 Safari/537.36','2026-04-07 08:15:09'),(99,'72dc5709-764c-4ed9-9fad-b5789af84f1a','http','GET /api/admin/locations 401','{\"duration_ms\": 2}','GET','/api/admin/locations',401,2,NULL,'::1','Mozilla/5.0 (Windows NT 10.0; Win64; x64) AppleWebKit/537.36 (KHTML, like Gecko) Chrome/146.0.0.0 Safari/537.36','2026-04-07 08:15:09'),(100,'9abe60d6-4c0c-49f1-868b-0f9435fea467','http','POST /api/auth/refresh 200','{\"duration_ms\": 9}','POST','/api/auth/refresh',200,9,NULL,'::1','Mozilla/5.0 (Windows NT 10.0; Win64; x64) AppleWebKit/537.36 (KHTML, like Gecko) Chrome/146.0.0.0 Safari/537.36','2026-04-07 08:15:09'),(101,'d8baf468-11e4-44ab-ba80-0d78e1409aab','http','GET /api/admin/project-categories 304','{\"duration_ms\": 7}','GET','/api/admin/project-categories',304,7,1,'::1','Mozilla/5.0 (Windows NT 10.0; Win64; x64) AppleWebKit/537.36 (KHTML, like Gecko) Chrome/146.0.0.0 Safari/537.36','2026-04-07 08:15:09'),(102,'7cf0b1af-4c1f-4730-b49e-060fb7fe91b3','http','GET /api/admin/locations 304','{\"duration_ms\": 5}','GET','/api/admin/locations',304,5,1,'::1','Mozilla/5.0 (Windows NT 10.0; Win64; x64) AppleWebKit/537.36 (KHTML, like Gecko) Chrome/146.0.0.0 Safari/537.36','2026-04-07 08:15:09'),(103,'3487de20-d046-4f55-a3df-4a7ef5fe4b84','http','GET /api/admin/states 304','{\"duration_ms\": 8}','GET','/api/admin/states',304,8,1,'::1','Mozilla/5.0 (Windows NT 10.0; Win64; x64) AppleWebKit/537.36 (KHTML, like Gecko) Chrome/146.0.0.0 Safari/537.36','2026-04-07 08:15:09'),(104,'b322c140-7e22-4934-96e8-ad388a660716','http','GET /api/admin/states 304','{\"duration_ms\": 5}','GET','/api/admin/states',304,5,1,'::1','Mozilla/5.0 (Windows NT 10.0; Win64; x64) AppleWebKit/537.36 (KHTML, like Gecko) Chrome/146.0.0.0 Safari/537.36','2026-04-07 08:15:10'),(105,'1df40046-9088-4372-8483-1d888b5a82db','http','GET /api/admin/project-categories 304','{\"duration_ms\": 4}','GET','/api/admin/project-categories',304,4,1,'::1','Mozilla/5.0 (Windows NT 10.0; Win64; x64) AppleWebKit/537.36 (KHTML, like Gecko) Chrome/146.0.0.0 Safari/537.36','2026-04-07 08:15:10'),(106,'7cd7d3ca-1167-43e2-9284-3d3a2196ac4b','http','GET /api/admin/locations 304','{\"duration_ms\": 5}','GET','/api/admin/locations',304,5,1,'::1','Mozilla/5.0 (Windows NT 10.0; Win64; x64) AppleWebKit/537.36 (KHTML, like Gecko) Chrome/146.0.0.0 Safari/537.36','2026-04-07 08:15:10'),(107,'69148ccf-7a63-44a1-a4ae-28c0694006d3','http','GET /api/admin/project-categories 304','{\"duration_ms\": 8}','GET','/api/admin/project-categories',304,8,1,'::1','Mozilla/5.0 (Windows NT 10.0; Win64; x64) AppleWebKit/537.36 (KHTML, like Gecko) Chrome/146.0.0.0 Safari/537.36','2026-04-07 08:15:14'),(108,'a79efd96-0b0a-46a1-86fb-eeae8cdba9d9','http','GET /api/admin/states 304','{\"duration_ms\": 7}','GET','/api/admin/states',304,7,1,'::1','Mozilla/5.0 (Windows NT 10.0; Win64; x64) AppleWebKit/537.36 (KHTML, like Gecko) Chrome/146.0.0.0 Safari/537.36','2026-04-07 08:15:14'),(109,'a6a88ba7-f937-44f0-99f8-48155bb14ebb','http','GET /api/admin/locations 304','{\"duration_ms\": 10}','GET','/api/admin/locations',304,10,1,'::1','Mozilla/5.0 (Windows NT 10.0; Win64; x64) AppleWebKit/537.36 (KHTML, like Gecko) Chrome/146.0.0.0 Safari/537.36','2026-04-07 08:15:14'),(110,'f0ddb92e-d63b-4c84-bf2b-6b316229462f','http','GET /api/admin/states 304','{\"duration_ms\": 4}','GET','/api/admin/states',304,4,1,'::1','Mozilla/5.0 (Windows NT 10.0; Win64; x64) AppleWebKit/537.36 (KHTML, like Gecko) Chrome/146.0.0.0 Safari/537.36','2026-04-07 08:15:18'),(111,'d1edce47-e193-49df-997c-2cd59f088918','http','GET /api/admin/project-categories 304','{\"duration_ms\": 4}','GET','/api/admin/project-categories',304,4,1,'::1','Mozilla/5.0 (Windows NT 10.0; Win64; x64) AppleWebKit/537.36 (KHTML, like Gecko) Chrome/146.0.0.0 Safari/537.36','2026-04-07 08:15:18'),(112,'5912e1ad-1596-49ae-93fb-d0c622a9bae7','http','GET /api/admin/states 304','{\"duration_ms\": 5}','GET','/api/admin/states',304,5,1,'::1','Mozilla/5.0 (Windows NT 10.0; Win64; x64) AppleWebKit/537.36 (KHTML, like Gecko) Chrome/146.0.0.0 Safari/537.36','2026-04-07 08:15:18'),(113,'ceae31f0-22dc-482f-b5b4-46fe9ddb7a3e','http','GET /api/admin/project-categories 304','{\"duration_ms\": 5}','GET','/api/admin/project-categories',304,5,1,'::1','Mozilla/5.0 (Windows NT 10.0; Win64; x64) AppleWebKit/537.36 (KHTML, like Gecko) Chrome/146.0.0.0 Safari/537.36','2026-04-07 08:15:18'),(114,'8981a13e-91bc-431a-a505-f616aad4c42d','http','GET /api/admin/states 304','{\"duration_ms\": 4}','GET','/api/admin/states',304,4,1,'::1','Mozilla/5.0 (Windows NT 10.0; Win64; x64) AppleWebKit/537.36 (KHTML, like Gecko) Chrome/146.0.0.0 Safari/537.36','2026-04-07 08:15:19'),(115,'68d53cd0-71b8-4774-834d-626a730e7398','http','GET /api/admin/project-categories 304','{\"duration_ms\": 3}','GET','/api/admin/project-categories',304,3,1,'::1','Mozilla/5.0 (Windows NT 10.0; Win64; x64) AppleWebKit/537.36 (KHTML, like Gecko) Chrome/146.0.0.0 Safari/537.36','2026-04-07 08:15:19'),(116,'3fc09557-5a49-4de8-b161-c7b0c1cfd0a6','http','GET /api/admin/states 304','{\"duration_ms\": 5}','GET','/api/admin/states',304,5,1,'::1','Mozilla/5.0 (Windows NT 10.0; Win64; x64) AppleWebKit/537.36 (KHTML, like Gecko) Chrome/146.0.0.0 Safari/537.36','2026-04-07 08:15:20'),(117,'95a6959b-4bc7-494d-8577-630552d3ea7d','http','GET /api/admin/project-categories 304','{\"duration_ms\": 4}','GET','/api/admin/project-categories',304,4,1,'::1','Mozilla/5.0 (Windows NT 10.0; Win64; x64) AppleWebKit/537.36 (KHTML, like Gecko) Chrome/146.0.0.0 Safari/537.36','2026-04-07 08:15:20'),(118,'afcd2cc1-2568-4a7e-a17d-33cdf443b22f','http','GET /api/admin/states 304','{\"duration_ms\": 6}','GET','/api/admin/states',304,6,1,'::1','Mozilla/5.0 (Windows NT 10.0; Win64; x64) AppleWebKit/537.36 (KHTML, like Gecko) Chrome/146.0.0.0 Safari/537.36','2026-04-07 08:15:27'),(119,'a01d318a-2cf7-4598-9267-213e8b8e1512','http','GET /api/admin/project-categories 304','{\"duration_ms\": 6}','GET','/api/admin/project-categories',304,6,1,'::1','Mozilla/5.0 (Windows NT 10.0; Win64; x64) AppleWebKit/537.36 (KHTML, like Gecko) Chrome/146.0.0.0 Safari/537.36','2026-04-07 08:15:27'),(120,'c822437e-4518-478e-b860-cdd0db69a357','http','GET /api/admin/locations 304','{\"duration_ms\": 3}','GET','/api/admin/locations',304,3,1,'::1','Mozilla/5.0 (Windows NT 10.0; Win64; x64) AppleWebKit/537.36 (KHTML, like Gecko) Chrome/146.0.0.0 Safari/537.36','2026-04-07 08:15:51'),(121,'76ad42c5-ab6c-485c-9300-6cc2ce36d0bb','http','GET /api/admin/locations 304','{\"duration_ms\": 4}','GET','/api/admin/locations',304,4,1,'::1','Mozilla/5.0 (Windows NT 10.0; Win64; x64) AppleWebKit/537.36 (KHTML, like Gecko) Chrome/146.0.0.0 Safari/537.36','2026-04-07 08:15:52'),(122,'5a65342f-764d-49e5-974d-e58023a471bd','http','POST /api/admin/projects 201','{\"duration_ms\": 16}','POST','/api/admin/projects',201,16,1,'::1','Mozilla/5.0 (Windows NT 10.0; Win64; x64) AppleWebKit/537.36 (KHTML, like Gecko) Chrome/146.0.0.0 Safari/537.36','2026-04-07 08:18:24'),(123,'316d240d-ab4a-4566-9d71-76bda5198aaa','http','PATCH /api/admin/projects/1 200','{\"duration_ms\": 19}','PATCH','/api/admin/projects/1',200,19,1,'::1','Mozilla/5.0 (Windows NT 10.0; Win64; x64) AppleWebKit/537.36 (KHTML, like Gecko) Chrome/146.0.0.0 Safari/537.36','2026-04-07 08:19:02'),(124,'189bfc0c-3938-4a0b-ab35-b5f70b2b0f36','http','POST /api/admin/projects/1/photos 200','{\"duration_ms\": 60}','POST','/api/admin/projects/1/photos',200,60,1,'::1','Mozilla/5.0 (Windows NT 10.0; Win64; x64) AppleWebKit/537.36 (KHTML, like Gecko) Chrome/146.0.0.0 Safari/537.36','2026-04-07 08:19:02'),(125,'883960ec-a113-4783-aceb-44341d2b93f4','http','POST /api/admin/projects/1/submit 200','{\"duration_ms\": 8}','POST','/api/admin/projects/1/submit',200,8,1,'::1','Mozilla/5.0 (Windows NT 10.0; Win64; x64) AppleWebKit/537.36 (KHTML, like Gecko) Chrome/146.0.0.0 Safari/537.36','2026-04-07 08:19:03'),(126,'e4c1c8e9-c775-4a09-ba72-f461bd358cc7','http','GET /api/admin/states 304','{\"duration_ms\": 4}','GET','/api/admin/states',304,4,1,'::1','Mozilla/5.0 (Windows NT 10.0; Win64; x64) AppleWebKit/537.36 (KHTML, like Gecko) Chrome/146.0.0.0 Safari/537.36','2026-04-07 08:19:12'),(127,'8005e851-eb45-447e-ae1e-4d8c7529a475','http','GET /api/admin/states 304','{\"duration_ms\": 3}','GET','/api/admin/states',304,3,1,'::1','Mozilla/5.0 (Windows NT 10.0; Win64; x64) AppleWebKit/537.36 (KHTML, like Gecko) Chrome/146.0.0.0 Safari/537.36','2026-04-07 08:19:12'),(128,'28ff6096-e097-4ed1-81fa-50dbaf992b88','http','GET /api/admin/projects 200','{\"duration_ms\": 6}','GET','/api/admin/projects',200,6,1,'::1','Mozilla/5.0 (Windows NT 10.0; Win64; x64) AppleWebKit/537.36 (KHTML, like Gecko) Chrome/146.0.0.0 Safari/537.36','2026-04-07 08:19:12'),(129,'168c9a50-faab-4892-9c0f-3d60147461d9','http','GET /api/admin/projects 304','{\"duration_ms\": 3}','GET','/api/admin/projects',304,3,1,'::1','Mozilla/5.0 (Windows NT 10.0; Win64; x64) AppleWebKit/537.36 (KHTML, like Gecko) Chrome/146.0.0.0 Safari/537.36','2026-04-07 08:19:12'),(130,'4e845d36-5fd5-4ffe-978a-6a153123d793','http','GET /api/admin/project-categories 304','{\"duration_ms\": 4}','GET','/api/admin/project-categories?includeInactive=1',304,4,1,'::1','Mozilla/5.0 (Windows NT 10.0; Win64; x64) AppleWebKit/537.36 (KHTML, like Gecko) Chrome/146.0.0.0 Safari/537.36','2026-04-07 08:19:47'),(131,'123baef0-3e93-4cc5-9ae4-4752a453e97c','http','GET /api/admin/project-categories 304','{\"duration_ms\": 3}','GET','/api/admin/project-categories?includeInactive=1',304,3,1,'::1','Mozilla/5.0 (Windows NT 10.0; Win64; x64) AppleWebKit/537.36 (KHTML, like Gecko) Chrome/146.0.0.0 Safari/537.36','2026-04-07 08:19:47'),(132,'f052a2f2-d7dd-4324-be49-906608fa5b18','http','GET /api/admin/states 304','{\"duration_ms\": 4}','GET','/api/admin/states',304,4,1,'::1','Mozilla/5.0 (Windows NT 10.0; Win64; x64) AppleWebKit/537.36 (KHTML, like Gecko) Chrome/146.0.0.0 Safari/537.36','2026-04-07 08:19:51'),(133,'368e855b-6f68-4bb4-9d56-b91b501fae8b','http','GET /api/admin/project-categories 304','{\"duration_ms\": 4}','GET','/api/admin/project-categories',304,4,1,'::1','Mozilla/5.0 (Windows NT 10.0; Win64; x64) AppleWebKit/537.36 (KHTML, like Gecko) Chrome/146.0.0.0 Safari/537.36','2026-04-07 08:19:51'),(134,'baae7fd5-5c1f-4053-925a-8cac5dd9b5a9','http','GET /api/admin/states 304','{\"duration_ms\": 3}','GET','/api/admin/states',304,3,1,'::1','Mozilla/5.0 (Windows NT 10.0; Win64; x64) AppleWebKit/537.36 (KHTML, like Gecko) Chrome/146.0.0.0 Safari/537.36','2026-04-07 08:19:51'),(135,'ec361c78-8ff3-4038-8014-2bed24144fd8','http','GET /api/admin/project-categories 304','{\"duration_ms\": 3}','GET','/api/admin/project-categories',304,3,1,'::1','Mozilla/5.0 (Windows NT 10.0; Win64; x64) AppleWebKit/537.36 (KHTML, like Gecko) Chrome/146.0.0.0 Safari/537.36','2026-04-07 08:19:51'),(136,'9dd60dc1-e3b2-4ab3-946b-0953bb761299','http','GET /api/admin/states 304','{\"duration_ms\": 4}','GET','/api/admin/states',304,4,1,'::1','Mozilla/5.0 (Windows NT 10.0; Win64; x64) AppleWebKit/537.36 (KHTML, like Gecko) Chrome/146.0.0.0 Safari/537.36','2026-04-07 08:20:52'),(137,'2f0e667f-5722-4737-9fa3-01633665af55','http','GET /api/admin/states 304','{\"duration_ms\": 4}','GET','/api/admin/states',304,4,1,'::1','Mozilla/5.0 (Windows NT 10.0; Win64; x64) AppleWebKit/537.36 (KHTML, like Gecko) Chrome/146.0.0.0 Safari/537.36','2026-04-07 08:20:52'),(138,'99f096a0-3feb-4cf0-b18f-6f529006f05a','http','GET /api/admin/projects 304','{\"duration_ms\": 4}','GET','/api/admin/projects',304,4,1,'::1','Mozilla/5.0 (Windows NT 10.0; Win64; x64) AppleWebKit/537.36 (KHTML, like Gecko) Chrome/146.0.0.0 Safari/537.36','2026-04-07 08:20:52'),(139,'809f830e-4e32-4a2e-a201-0c9516ad7663','http','GET /api/admin/projects 304','{\"duration_ms\": 5}','GET','/api/admin/projects',304,5,1,'::1','Mozilla/5.0 (Windows NT 10.0; Win64; x64) AppleWebKit/537.36 (KHTML, like Gecko) Chrome/146.0.0.0 Safari/537.36','2026-04-07 08:20:52'),(140,'279af7a1-7f6f-441f-8811-030a53c03b76','http','GET /api/admin/projects/1/photos 200','{\"duration_ms\": 8}','GET','/api/admin/projects/1/photos',200,8,1,'::1','Mozilla/5.0 (Windows NT 10.0; Win64; x64) AppleWebKit/537.36 (KHTML, like Gecko) Chrome/146.0.0.0 Safari/537.36','2026-04-07 08:20:57'),(141,'5a566d20-da56-408f-9f79-e534407b806c','http','GET /api/admin/projects/1/photos 304','{\"duration_ms\": 5}','GET','/api/admin/projects/1/photos',304,5,1,'::1','Mozilla/5.0 (Windows NT 10.0; Win64; x64) AppleWebKit/537.36 (KHTML, like Gecko) Chrome/146.0.0.0 Safari/537.36','2026-04-07 08:20:57'),(142,'919cd812-af52-43ed-afc7-223b300e4fab','http','GET /api/admin/projects/1/photos 304','{\"duration_ms\": 6}','GET','/api/admin/projects/1/photos',304,6,1,'::1','Mozilla/5.0 (Windows NT 10.0; Win64; x64) AppleWebKit/537.36 (KHTML, like Gecko) Chrome/146.0.0.0 Safari/537.36','2026-04-07 08:21:00'),(143,'ac71a1c4-119b-45a6-9db8-c8a29d8f8eb5','http','GET /api/admin/projects/1/photos 304','{\"duration_ms\": 6}','GET','/api/admin/projects/1/photos',304,6,1,'::1','Mozilla/5.0 (Windows NT 10.0; Win64; x64) AppleWebKit/537.36 (KHTML, like Gecko) Chrome/146.0.0.0 Safari/537.36','2026-04-07 08:21:00'),(144,'cee073c1-63c6-4f45-9141-0677547f7799','http','GET /api/admin/states 304','{\"duration_ms\": 4}','GET','/api/admin/states',304,4,1,'::1','Mozilla/5.0 (Windows NT 10.0; Win64; x64) AppleWebKit/537.36 (KHTML, like Gecko) Chrome/146.0.0.0 Safari/537.36','2026-04-07 08:28:10'),(145,'f4350fdf-fa32-4587-b824-0c96e79dfcbb','http','GET /api/admin/states 304','{\"duration_ms\": 4}','GET','/api/admin/states',304,4,1,'::1','Mozilla/5.0 (Windows NT 10.0; Win64; x64) AppleWebKit/537.36 (KHTML, like Gecko) Chrome/146.0.0.0 Safari/537.36','2026-04-07 08:28:10'),(146,'97566602-31f6-4c98-bb6d-38e1a5dbbaed','http','GET /api/admin/projects 304','{\"duration_ms\": 5}','GET','/api/admin/projects',304,5,1,'::1','Mozilla/5.0 (Windows NT 10.0; Win64; x64) AppleWebKit/537.36 (KHTML, like Gecko) Chrome/146.0.0.0 Safari/537.36','2026-04-07 08:28:10'),(147,'685b5f7b-198d-4b9a-aa00-7c0c72920283','http','GET /api/admin/projects 304','{\"duration_ms\": 6}','GET','/api/admin/projects',304,6,1,'::1','Mozilla/5.0 (Windows NT 10.0; Win64; x64) AppleWebKit/537.36 (KHTML, like Gecko) Chrome/146.0.0.0 Safari/537.36','2026-04-07 08:28:10'),(148,'de5952de-4801-4731-af12-b02a2f80ff9c','http','GET /api/admin/states 304','{\"duration_ms\": 4}','GET','/api/admin/states',304,4,1,'::1','Mozilla/5.0 (Windows NT 10.0; Win64; x64) AppleWebKit/537.36 (KHTML, like Gecko) Chrome/146.0.0.0 Safari/537.36','2026-04-07 08:28:20'),(149,'ff05f34b-709a-471f-ba1f-89ca43e49435','http','GET /api/admin/projects 304','{\"duration_ms\": 3}','GET','/api/admin/projects',304,3,1,'::1','Mozilla/5.0 (Windows NT 10.0; Win64; x64) AppleWebKit/537.36 (KHTML, like Gecko) Chrome/146.0.0.0 Safari/537.36','2026-04-07 08:28:20'),(150,'f8c93dc5-e4fb-4782-b6d9-ea19f16b1955','http','GET /api/admin/states 304','{\"duration_ms\": 4}','GET','/api/admin/states',304,4,1,'::1','Mozilla/5.0 (Windows NT 10.0; Win64; x64) AppleWebKit/537.36 (KHTML, like Gecko) Chrome/146.0.0.0 Safari/537.36','2026-04-07 08:28:24'),(151,'f374da80-c979-4de6-9ecf-7c0c33483c64','http','GET /api/admin/projects 304','{\"duration_ms\": 5}','GET','/api/admin/projects',304,5,1,'::1','Mozilla/5.0 (Windows NT 10.0; Win64; x64) AppleWebKit/537.36 (KHTML, like Gecko) Chrome/146.0.0.0 Safari/537.36','2026-04-07 08:28:24'),(152,'307da5c0-8a03-40be-8660-aeaf1c5a2300','http','GET /api/admin/states 304','{\"duration_ms\": 3}','GET','/api/admin/states',304,3,1,'::1','Mozilla/5.0 (Windows NT 10.0; Win64; x64) AppleWebKit/537.36 (KHTML, like Gecko) Chrome/146.0.0.0 Safari/537.36','2026-04-07 08:28:35'),(153,'4d2973cf-1015-40d3-867d-f0e67c630c2b','http','GET /api/admin/projects 304','{\"duration_ms\": 4}','GET','/api/admin/projects',304,4,1,'::1','Mozilla/5.0 (Windows NT 10.0; Win64; x64) AppleWebKit/537.36 (KHTML, like Gecko) Chrome/146.0.0.0 Safari/537.36','2026-04-07 08:28:35'),(154,'b8ce8c66-e40c-48a1-8e98-7d3e814fca04','http','GET /api/admin/states 304','{\"duration_ms\": 3}','GET','/api/admin/states',304,3,1,'::1','Mozilla/5.0 (Windows NT 10.0; Win64; x64) AppleWebKit/537.36 (KHTML, like Gecko) Chrome/146.0.0.0 Safari/537.36','2026-04-07 08:28:45'),(155,'43d2b8d8-3d51-494e-aada-f50238441572','http','GET /api/admin/projects 304','{\"duration_ms\": 5}','GET','/api/admin/projects',304,5,1,'::1','Mozilla/5.0 (Windows NT 10.0; Win64; x64) AppleWebKit/537.36 (KHTML, like Gecko) Chrome/146.0.0.0 Safari/537.36','2026-04-07 08:28:45'),(156,'622a4fe7-8ec8-49d7-81d7-f896c871e2e6','http','GET /api/admin/states 304','{\"duration_ms\": 4}','GET','/api/admin/states',304,4,1,'::1','Mozilla/5.0 (Windows NT 10.0; Win64; x64) AppleWebKit/537.36 (KHTML, like Gecko) Chrome/146.0.0.0 Safari/537.36','2026-04-07 08:28:54'),(157,'1a8d14fc-22de-448d-9ea1-07fccc73a9a7','http','GET /api/admin/projects 304','{\"duration_ms\": 4}','GET','/api/admin/projects',304,4,1,'::1','Mozilla/5.0 (Windows NT 10.0; Win64; x64) AppleWebKit/537.36 (KHTML, like Gecko) Chrome/146.0.0.0 Safari/537.36','2026-04-07 08:28:54'),(158,'007d50e7-6012-473c-8edd-c8011ec2eeed','http','GET /api/admin/states 304','{\"duration_ms\": 6}','GET','/api/admin/states',304,6,1,'::1','Mozilla/5.0 (Windows NT 10.0; Win64; x64) AppleWebKit/537.36 (KHTML, like Gecko) Chrome/146.0.0.0 Safari/537.36','2026-04-07 08:29:52'),(159,'1dfbe320-c941-41c5-bcc5-e6ff9946147a','http','GET /api/admin/project-categories 304','{\"duration_ms\": 6}','GET','/api/admin/project-categories',304,6,1,'::1','Mozilla/5.0 (Windows NT 10.0; Win64; x64) AppleWebKit/537.36 (KHTML, like Gecko) Chrome/146.0.0.0 Safari/537.36','2026-04-07 08:29:52'),(160,'674f15eb-c4b4-4e34-90f9-e32b927f2b51','http','GET /api/admin/states 304','{\"duration_ms\": 5}','GET','/api/admin/states',304,5,1,'::1','Mozilla/5.0 (Windows NT 10.0; Win64; x64) AppleWebKit/537.36 (KHTML, like Gecko) Chrome/146.0.0.0 Safari/537.36','2026-04-07 08:29:52'),(161,'b018fccf-ad2b-465f-a416-0f7df33e7016','http','GET /api/admin/project-categories 304','{\"duration_ms\": 5}','GET','/api/admin/project-categories',304,5,1,'::1','Mozilla/5.0 (Windows NT 10.0; Win64; x64) AppleWebKit/537.36 (KHTML, like Gecko) Chrome/146.0.0.0 Safari/537.36','2026-04-07 08:29:52'),(162,'7fd9a582-fa60-4508-b1ab-09de40a4e885','http','GET /api/admin/projects/1 200','{\"duration_ms\": 6}','GET','/api/admin/projects/1',200,6,1,'::1','Mozilla/5.0 (Windows NT 10.0; Win64; x64) AppleWebKit/537.36 (KHTML, like Gecko) Chrome/146.0.0.0 Safari/537.36','2026-04-07 08:29:52'),(163,'2884f459-5be5-4275-8489-7749b95e6ed7','http','GET /api/admin/locations 304','{\"duration_ms\": 5}','GET','/api/admin/locations',304,5,1,'::1','Mozilla/5.0 (Windows NT 10.0; Win64; x64) AppleWebKit/537.36 (KHTML, like Gecko) Chrome/146.0.0.0 Safari/537.36','2026-04-07 08:29:52'),(164,'a4cc0554-bdd9-4c9e-aa46-b0864253686d','http','GET /api/admin/states 304','{\"duration_ms\": 4}','GET','/api/admin/states',304,4,1,'::1','Mozilla/5.0 (Windows NT 10.0; Win64; x64) AppleWebKit/537.36 (KHTML, like Gecko) Chrome/146.0.0.0 Safari/537.36','2026-04-07 08:30:02'),(165,'e7aeddaa-13fe-496c-8f85-46e3962d45e5','http','GET /api/admin/states 304','{\"duration_ms\": 4}','GET','/api/admin/states',304,4,1,'::1','Mozilla/5.0 (Windows NT 10.0; Win64; x64) AppleWebKit/537.36 (KHTML, like Gecko) Chrome/146.0.0.0 Safari/537.36','2026-04-07 08:30:02'),(166,'0baf1e75-944a-4160-9817-58f3d54b7da4','http','GET /api/admin/projects 304','{\"duration_ms\": 3}','GET','/api/admin/projects',304,3,1,'::1','Mozilla/5.0 (Windows NT 10.0; Win64; x64) AppleWebKit/537.36 (KHTML, like Gecko) Chrome/146.0.0.0 Safari/537.36','2026-04-07 08:30:02'),(167,'67423704-18c3-403e-ba02-f178e82524c3','http','GET /api/admin/projects 304','{\"duration_ms\": 3}','GET','/api/admin/projects',304,3,1,'::1','Mozilla/5.0 (Windows NT 10.0; Win64; x64) AppleWebKit/537.36 (KHTML, like Gecko) Chrome/146.0.0.0 Safari/537.36','2026-04-07 08:30:02'),(168,'5f14a2d7-0241-4b29-893b-12a27359942a','http','GET /api/admin/states 304','{\"duration_ms\": 6}','GET','/api/admin/states',304,6,1,'::1','Mozilla/5.0 (Windows NT 10.0; Win64; x64) AppleWebKit/537.36 (KHTML, like Gecko) Chrome/146.0.0.0 Safari/537.36','2026-04-07 08:30:04'),(169,'5bec165d-6543-48a3-af66-de6f206634c7','http','GET /api/admin/project-categories 304','{\"duration_ms\": 4}','GET','/api/admin/project-categories',304,4,1,'::1','Mozilla/5.0 (Windows NT 10.0; Win64; x64) AppleWebKit/537.36 (KHTML, like Gecko) Chrome/146.0.0.0 Safari/537.36','2026-04-07 08:30:04'),(170,'5440d241-0d0d-45b2-9f95-1296f7b54a51','http','GET /api/admin/states 304','{\"duration_ms\": 4}','GET','/api/admin/states',304,4,1,'::1','Mozilla/5.0 (Windows NT 10.0; Win64; x64) AppleWebKit/537.36 (KHTML, like Gecko) Chrome/146.0.0.0 Safari/537.36','2026-04-07 08:30:04'),(171,'3aa8dd01-abcd-413c-b63a-67a17d9c5f4d','http','GET /api/admin/project-categories 304','{\"duration_ms\": 3}','GET','/api/admin/project-categories',304,3,1,'::1','Mozilla/5.0 (Windows NT 10.0; Win64; x64) AppleWebKit/537.36 (KHTML, like Gecko) Chrome/146.0.0.0 Safari/537.36','2026-04-07 08:30:04'),(172,'4cb4c9ec-8fc9-4a8d-89d2-4727543a7987','http','GET /api/admin/projects/1 304','{\"duration_ms\": 4}','GET','/api/admin/projects/1',304,4,1,'::1','Mozilla/5.0 (Windows NT 10.0; Win64; x64) AppleWebKit/537.36 (KHTML, like Gecko) Chrome/146.0.0.0 Safari/537.36','2026-04-07 08:30:04'),(173,'fddd9383-83a1-4252-86c4-c0592234e272','http','GET /api/admin/locations 304','{\"duration_ms\": 2}','GET','/api/admin/locations',304,2,1,'::1','Mozilla/5.0 (Windows NT 10.0; Win64; x64) AppleWebKit/537.36 (KHTML, like Gecko) Chrome/146.0.0.0 Safari/537.36','2026-04-07 08:30:04'),(174,'7c9d974d-27f7-42d7-83d3-3805e7cb515a','http','GET /api/admin/states 401','{\"duration_ms\": 4}','GET','/api/admin/states',401,4,NULL,'::1','Mozilla/5.0 (Windows NT 10.0; Win64; x64) AppleWebKit/537.36 (KHTML, like Gecko) Chrome/146.0.0.0 Safari/537.36','2026-04-07 08:30:14'),(175,'98e57f6c-44d4-44c0-aa3f-786bf9015328','http','GET /api/admin/states 401','{\"duration_ms\": 3}','GET','/api/admin/states',401,3,NULL,'::1','Mozilla/5.0 (Windows NT 10.0; Win64; x64) AppleWebKit/537.36 (KHTML, like Gecko) Chrome/146.0.0.0 Safari/537.36','2026-04-07 08:30:14'),(176,'f1e8989d-c7f0-4732-8332-37c10cf36709','http','POST /api/auth/refresh 200','{\"duration_ms\": 9}','POST','/api/auth/refresh',200,9,NULL,'::1','Mozilla/5.0 (Windows NT 10.0; Win64; x64) AppleWebKit/537.36 (KHTML, like Gecko) Chrome/146.0.0.0 Safari/537.36','2026-04-07 08:30:14'),(177,'4f5264b3-7599-4ac3-81fc-9d91550f967e','http','GET /api/admin/states 304','{\"duration_ms\": 3}','GET','/api/admin/states',304,3,1,'::1','Mozilla/5.0 (Windows NT 10.0; Win64; x64) AppleWebKit/537.36 (KHTML, like Gecko) Chrome/146.0.0.0 Safari/537.36','2026-04-07 08:30:14'),(178,'cd4e0ce6-26b6-4cdb-835d-7aae5232c881','http','GET /api/admin/states 304','{\"duration_ms\": 2}','GET','/api/admin/states',304,2,1,'::1','Mozilla/5.0 (Windows NT 10.0; Win64; x64) AppleWebKit/537.36 (KHTML, like Gecko) Chrome/146.0.0.0 Safari/537.36','2026-04-07 08:30:14'),(179,'dc10f38b-88b1-4509-9cb6-549a6cee9342','http','GET /api/admin/projects 304','{\"duration_ms\": 4}','GET','/api/admin/projects',304,4,1,'::1','Mozilla/5.0 (Windows NT 10.0; Win64; x64) AppleWebKit/537.36 (KHTML, like Gecko) Chrome/146.0.0.0 Safari/537.36','2026-04-07 08:30:14'),(180,'6ab49996-78dd-4acf-8c46-df8c4f97abc6','http','GET /api/admin/projects 304','{\"duration_ms\": 3}','GET','/api/admin/projects',304,3,1,'::1','Mozilla/5.0 (Windows NT 10.0; Win64; x64) AppleWebKit/537.36 (KHTML, like Gecko) Chrome/146.0.0.0 Safari/537.36','2026-04-07 08:30:14'),(181,'1548b1b1-277a-4ab4-b27f-940bd7097a7a','http','PATCH /api/admin/projects/1/approval 200','{\"duration_ms\": 12}','PATCH','/api/admin/projects/1/approval',200,12,1,'::1','Mozilla/5.0 (Windows NT 10.0; Win64; x64) AppleWebKit/537.36 (KHTML, like Gecko) Chrome/146.0.0.0 Safari/537.36','2026-04-07 08:30:17'),(182,'14b8720d-d631-4877-8714-d4e5a0a58ffe','http','GET /api/admin/projects 200','{\"duration_ms\": 4}','GET','/api/admin/projects',200,4,1,'::1','Mozilla/5.0 (Windows NT 10.0; Win64; x64) AppleWebKit/537.36 (KHTML, like Gecko) Chrome/146.0.0.0 Safari/537.36','2026-04-07 08:30:17'),(183,'da0bea3a-f698-4fd0-afbb-3b50e9c2f53e','http','GET /api/admin/projects/1/photos 304','{\"duration_ms\": 6}','GET','/api/admin/projects/1/photos',304,6,1,'::1','Mozilla/5.0 (Windows NT 10.0; Win64; x64) AppleWebKit/537.36 (KHTML, like Gecko) Chrome/146.0.0.0 Safari/537.36','2026-04-07 08:30:21'),(184,'4246c97e-1993-4571-af59-7aa543952f62','http','GET /api/admin/projects/1/photos 304','{\"duration_ms\": 7}','GET','/api/admin/projects/1/photos',304,7,1,'::1','Mozilla/5.0 (Windows NT 10.0; Win64; x64) AppleWebKit/537.36 (KHTML, like Gecko) Chrome/146.0.0.0 Safari/537.36','2026-04-07 08:30:21'),(185,'17385a6d-0ca5-4346-be80-db30d915215c','http','GET /api/admin/projects/1/photos 304','{\"duration_ms\": 6}','GET','/api/admin/projects/1/photos',304,6,1,'::1','Mozilla/5.0 (Windows NT 10.0; Win64; x64) AppleWebKit/537.36 (KHTML, like Gecko) Chrome/146.0.0.0 Safari/537.36','2026-04-07 08:30:23'),(186,'a710e15e-d6e4-43d0-a84a-823f75dff697','http','GET /api/admin/projects/1/photos 304','{\"duration_ms\": 5}','GET','/api/admin/projects/1/photos',304,5,1,'::1','Mozilla/5.0 (Windows NT 10.0; Win64; x64) AppleWebKit/537.36 (KHTML, like Gecko) Chrome/146.0.0.0 Safari/537.36','2026-04-07 08:30:23'),(187,'524207ce-f12f-409d-9205-44d131269a9f','http','GET /api/admin/states 304','{\"duration_ms\": 6}','GET','/api/admin/states',304,6,1,'::1','Mozilla/5.0 (Windows NT 10.0; Win64; x64) AppleWebKit/537.36 (KHTML, like Gecko) Chrome/146.0.0.0 Safari/537.36','2026-04-07 08:30:32'),(188,'5da5bb2d-4619-4861-9747-2ca6571d3156','http','GET /api/admin/project-categories 304','{\"duration_ms\": 4}','GET','/api/admin/project-categories',304,4,1,'::1','Mozilla/5.0 (Windows NT 10.0; Win64; x64) AppleWebKit/537.36 (KHTML, like Gecko) Chrome/146.0.0.0 Safari/537.36','2026-04-07 08:30:32'),(189,'6895bc4a-352c-4c96-b836-de8b46b402c8','http','GET /api/admin/states 304','{\"duration_ms\": 4}','GET','/api/admin/states',304,4,1,'::1','Mozilla/5.0 (Windows NT 10.0; Win64; x64) AppleWebKit/537.36 (KHTML, like Gecko) Chrome/146.0.0.0 Safari/537.36','2026-04-07 08:30:32'),(190,'1bc82749-abbb-42f1-a571-256d9291c3cf','http','GET /api/admin/project-categories 304','{\"duration_ms\": 3}','GET','/api/admin/project-categories',304,3,1,'::1','Mozilla/5.0 (Windows NT 10.0; Win64; x64) AppleWebKit/537.36 (KHTML, like Gecko) Chrome/146.0.0.0 Safari/537.36','2026-04-07 08:30:32'),(191,'4e444999-9a4f-4a10-874d-7bc5a5b89d9a','http','GET /api/admin/states 304','{\"duration_ms\": 4}','GET','/api/admin/states',304,4,1,'::1','Mozilla/5.0 (Windows NT 10.0; Win64; x64) AppleWebKit/537.36 (KHTML, like Gecko) Chrome/146.0.0.0 Safari/537.36','2026-04-07 08:30:33'),(192,'9c9279c3-87a3-4c8c-88fa-500355b5bc09','http','GET /api/admin/states 304','{\"duration_ms\": 4}','GET','/api/admin/states',304,4,1,'::1','Mozilla/5.0 (Windows NT 10.0; Win64; x64) AppleWebKit/537.36 (KHTML, like Gecko) Chrome/146.0.0.0 Safari/537.36','2026-04-07 08:30:33'),(193,'a2c8e660-7bd4-48e3-9464-9534b6d51b9b','http','GET /api/admin/projects 304','{\"duration_ms\": 4}','GET','/api/admin/projects',304,4,1,'::1','Mozilla/5.0 (Windows NT 10.0; Win64; x64) AppleWebKit/537.36 (KHTML, like Gecko) Chrome/146.0.0.0 Safari/537.36','2026-04-07 08:30:33'),(194,'b3249e5b-ba73-477c-aaf7-48a60e2c7fb4','http','GET /api/admin/projects 304','{\"duration_ms\": 4}','GET','/api/admin/projects',304,4,1,'::1','Mozilla/5.0 (Windows NT 10.0; Win64; x64) AppleWebKit/537.36 (KHTML, like Gecko) Chrome/146.0.0.0 Safari/537.36','2026-04-07 08:30:33'),(195,'335abecf-ede8-4b9e-a9c2-e5005c0d5aca','http','GET /api/admin/states 304','{\"duration_ms\": 5}','GET','/api/admin/states',304,5,1,'::1','Mozilla/5.0 (Windows NT 10.0; Win64; x64) AppleWebKit/537.36 (KHTML, like Gecko) Chrome/146.0.0.0 Safari/537.36','2026-04-07 08:30:34'),(196,'17f819f8-f447-40af-b97c-8d8721434ea9','http','GET /api/admin/project-categories 304','{\"duration_ms\": 4}','GET','/api/admin/project-categories',304,4,1,'::1','Mozilla/5.0 (Windows NT 10.0; Win64; x64) AppleWebKit/537.36 (KHTML, like Gecko) Chrome/146.0.0.0 Safari/537.36','2026-04-07 08:30:34'),(197,'d17e14df-e7d9-4d41-9659-70720f2e12d0','http','GET /api/admin/states 304','{\"duration_ms\": 4}','GET','/api/admin/states',304,4,1,'::1','Mozilla/5.0 (Windows NT 10.0; Win64; x64) AppleWebKit/537.36 (KHTML, like Gecko) Chrome/146.0.0.0 Safari/537.36','2026-04-07 08:30:34'),(198,'89e0ead3-5aea-4ff9-b199-ee78805eb2d8','http','GET /api/admin/project-categories 304','{\"duration_ms\": 4}','GET','/api/admin/project-categories',304,4,1,'::1','Mozilla/5.0 (Windows NT 10.0; Win64; x64) AppleWebKit/537.36 (KHTML, like Gecko) Chrome/146.0.0.0 Safari/537.36','2026-04-07 08:30:34'),(199,'0ab4d636-1481-4ef7-bd6c-c6441e964f3e','http','GET /api/admin/states 304','{\"duration_ms\": 5}','GET','/api/admin/states',304,5,1,'::1','Mozilla/5.0 (Windows NT 10.0; Win64; x64) AppleWebKit/537.36 (KHTML, like Gecko) Chrome/146.0.0.0 Safari/537.36','2026-04-07 08:30:37'),(200,'c7d26f99-149a-4d16-ad07-083e20e8db29','http','GET /api/admin/states 304','{\"duration_ms\": 4}','GET','/api/admin/states',304,4,1,'::1','Mozilla/5.0 (Windows NT 10.0; Win64; x64) AppleWebKit/537.36 (KHTML, like Gecko) Chrome/146.0.0.0 Safari/537.36','2026-04-07 08:30:37'),(201,'b3eead02-06a8-49b3-8c1a-9affce57ff3f','http','GET /api/admin/projects 304','{\"duration_ms\": 4}','GET','/api/admin/projects',304,4,1,'::1','Mozilla/5.0 (Windows NT 10.0; Win64; x64) AppleWebKit/537.36 (KHTML, like Gecko) Chrome/146.0.0.0 Safari/537.36','2026-04-07 08:30:37'),(202,'d8f61165-d30a-49e2-b8b0-c148f642f46f','http','GET /api/admin/projects 304','{\"duration_ms\": 4}','GET','/api/admin/projects',304,4,1,'::1','Mozilla/5.0 (Windows NT 10.0; Win64; x64) AppleWebKit/537.36 (KHTML, like Gecko) Chrome/146.0.0.0 Safari/537.36','2026-04-07 08:30:37'),(203,'86a842b4-7477-4189-9268-e0226efb0797','http','GET /api/admin/states 304','{\"duration_ms\": 2}','GET','/api/admin/states',304,2,1,'::1','Mozilla/5.0 (Windows NT 10.0; Win64; x64) AppleWebKit/537.36 (KHTML, like Gecko) Chrome/146.0.0.0 Safari/537.36','2026-04-07 08:32:21'),(204,'7a8fa05a-5145-4da1-b9e4-dba80dccb5ef','http','GET /api/admin/projects 304','{\"duration_ms\": 3}','GET','/api/admin/projects',304,3,1,'::1','Mozilla/5.0 (Windows NT 10.0; Win64; x64) AppleWebKit/537.36 (KHTML, like Gecko) Chrome/146.0.0.0 Safari/537.36','2026-04-07 08:32:21'),(205,'2974c356-dc3e-4b9f-aa3a-4fb06ae3d62c','http','GET /api/admin/states 304','{\"duration_ms\": 3}','GET','/api/admin/states',304,3,1,'::1','Mozilla/5.0 (Windows NT 10.0; Win64; x64) AppleWebKit/537.36 (KHTML, like Gecko) Chrome/146.0.0.0 Safari/537.36','2026-04-07 08:32:22'),(206,'df7fd97d-ff0e-4976-92d3-923a5810653b','http','GET /api/admin/projects 304','{\"duration_ms\": 3}','GET','/api/admin/projects',304,3,1,'::1','Mozilla/5.0 (Windows NT 10.0; Win64; x64) AppleWebKit/537.36 (KHTML, like Gecko) Chrome/146.0.0.0 Safari/537.36','2026-04-07 08:32:22'),(207,'f88da948-491a-4a9d-883a-fb25e81aada4','http','GET /api/admin/states 304','{\"duration_ms\": 3}','GET','/api/admin/states',304,3,1,'::1','Mozilla/5.0 (Windows NT 10.0; Win64; x64) AppleWebKit/537.36 (KHTML, like Gecko) Chrome/146.0.0.0 Safari/537.36','2026-04-07 08:32:25'),(208,'04afb4a8-b0fa-4ec9-9721-bf4ad954253c','http','GET /api/admin/states 304','{\"duration_ms\": 4}','GET','/api/admin/states',304,4,1,'::1','Mozilla/5.0 (Windows NT 10.0; Win64; x64) AppleWebKit/537.36 (KHTML, like Gecko) Chrome/146.0.0.0 Safari/537.36','2026-04-07 08:32:25'),(209,'1eea1b5e-2c0b-4302-9712-9a2879f1cd6c','http','GET /api/admin/projects 304','{\"duration_ms\": 5}','GET','/api/admin/projects',304,5,1,'::1','Mozilla/5.0 (Windows NT 10.0; Win64; x64) AppleWebKit/537.36 (KHTML, like Gecko) Chrome/146.0.0.0 Safari/537.36','2026-04-07 08:32:25'),(210,'b0f06ab1-59dc-4e51-83ad-c3ac3e2ebfbe','http','GET /api/admin/projects 304','{\"duration_ms\": 3}','GET','/api/admin/projects',304,3,1,'::1','Mozilla/5.0 (Windows NT 10.0; Win64; x64) AppleWebKit/537.36 (KHTML, like Gecko) Chrome/146.0.0.0 Safari/537.36','2026-04-07 08:32:25'),(211,'ef498145-d6ba-48f3-ba72-add48968bad3','http','GET /api/admin/states 304','{\"duration_ms\": 4}','GET','/api/admin/states',304,4,1,'::1','Mozilla/5.0 (Windows NT 10.0; Win64; x64) AppleWebKit/537.36 (KHTML, like Gecko) Chrome/146.0.0.0 Safari/537.36','2026-04-07 08:32:33'),(212,'963ea804-02df-41d7-87f4-87a7f1e71b09','http','GET /api/admin/projects 304','{\"duration_ms\": 4}','GET','/api/admin/projects',304,4,1,'::1','Mozilla/5.0 (Windows NT 10.0; Win64; x64) AppleWebKit/537.36 (KHTML, like Gecko) Chrome/146.0.0.0 Safari/537.36','2026-04-07 08:32:33'),(213,'bb246411-7453-454c-9df5-161e8e961d46','http','GET /api/admin/states 304','{\"duration_ms\": 4}','GET','/api/admin/states',304,4,1,'::1','Mozilla/5.0 (Windows NT 10.0; Win64; x64) AppleWebKit/537.36 (KHTML, like Gecko) Chrome/146.0.0.0 Safari/537.36','2026-04-07 08:32:33'),(214,'e589c891-016c-4293-a662-a9796f14c754','http','GET /api/admin/projects 304','{\"duration_ms\": 4}','GET','/api/admin/projects',304,4,1,'::1','Mozilla/5.0 (Windows NT 10.0; Win64; x64) AppleWebKit/537.36 (KHTML, like Gecko) Chrome/146.0.0.0 Safari/537.36','2026-04-07 08:32:33'),(215,'2958942a-60e1-4194-8647-db0e92176c05','http','GET /api/admin/states 304','{\"duration_ms\": 4}','GET','/api/admin/states',304,4,1,'::1','Mozilla/5.0 (Windows NT 10.0; Win64; x64) AppleWebKit/537.36 (KHTML, like Gecko) Chrome/146.0.0.0 Safari/537.36','2026-04-07 08:32:40'),(216,'538c1533-2320-420c-ac03-d4c5ae6a34e3','http','GET /api/admin/projects 304','{\"duration_ms\": 4}','GET','/api/admin/projects',304,4,1,'::1','Mozilla/5.0 (Windows NT 10.0; Win64; x64) AppleWebKit/537.36 (KHTML, like Gecko) Chrome/146.0.0.0 Safari/537.36','2026-04-07 08:32:40'),(217,'d978898b-b28a-4517-92e7-9af7c9e2ef2a','http','GET /api/admin/states 304','{\"duration_ms\": 7}','GET','/api/admin/states',304,7,1,'::1','Mozilla/5.0 (Windows NT 10.0; Win64; x64) AppleWebKit/537.36 (KHTML, like Gecko) Chrome/146.0.0.0 Safari/537.36','2026-04-07 08:32:50'),(218,'77f7d36e-19cb-4795-b1cb-cd78a0312187','http','GET /api/admin/project-categories 304','{\"duration_ms\": 7}','GET','/api/admin/project-categories',304,7,1,'::1','Mozilla/5.0 (Windows NT 10.0; Win64; x64) AppleWebKit/537.36 (KHTML, like Gecko) Chrome/146.0.0.0 Safari/537.36','2026-04-07 08:32:50'),(219,'4f525fb5-e742-4c58-a5fb-f84fde44385a','http','GET /api/admin/states 304','{\"duration_ms\": 3}','GET','/api/admin/states',304,3,1,'::1','Mozilla/5.0 (Windows NT 10.0; Win64; x64) AppleWebKit/537.36 (KHTML, like Gecko) Chrome/146.0.0.0 Safari/537.36','2026-04-07 08:32:50'),(220,'05266cfa-9154-4eea-b96e-b6d12a0f5bdf','http','GET /api/admin/project-categories 304','{\"duration_ms\": 2}','GET','/api/admin/project-categories',304,2,1,'::1','Mozilla/5.0 (Windows NT 10.0; Win64; x64) AppleWebKit/537.36 (KHTML, like Gecko) Chrome/146.0.0.0 Safari/537.36','2026-04-07 08:32:50'),(221,'b0cbb52d-2572-43a8-9371-1ee7bd4d2a53','http','GET /api/admin/project-categories 304','{\"duration_ms\": 3}','GET','/api/admin/project-categories?includeInactive=1',304,3,1,'::1','Mozilla/5.0 (Windows NT 10.0; Win64; x64) AppleWebKit/537.36 (KHTML, like Gecko) Chrome/146.0.0.0 Safari/537.36','2026-04-07 08:32:53'),(222,'cfe69e3f-6ec2-4a33-b4f9-8184a20bb107','http','GET /api/admin/project-categories 304','{\"duration_ms\": 2}','GET','/api/admin/project-categories?includeInactive=1',304,2,1,'::1','Mozilla/5.0 (Windows NT 10.0; Win64; x64) AppleWebKit/537.36 (KHTML, like Gecko) Chrome/146.0.0.0 Safari/537.36','2026-04-07 08:32:53'),(223,'a50a70ba-af2e-4f22-b73d-69fb4e56d369','http','GET /api/admin/stats 200','{\"duration_ms\": 7}','GET','/api/admin/stats',200,7,1,'::1','Mozilla/5.0 (Windows NT 10.0; Win64; x64) AppleWebKit/537.36 (KHTML, like Gecko) Chrome/146.0.0.0 Safari/537.36','2026-04-07 08:32:56'),(224,'4ed28894-868c-43fb-86f8-51669e7c2736','http','GET /api/admin/stats 304','{\"duration_ms\": 5}','GET','/api/admin/stats',304,5,1,'::1','Mozilla/5.0 (Windows NT 10.0; Win64; x64) AppleWebKit/537.36 (KHTML, like Gecko) Chrome/146.0.0.0 Safari/537.36','2026-04-07 08:32:56'),(225,'47cdad35-b29e-4640-9484-e38e620b09b6','http','GET /api/admin/states 304','{\"duration_ms\": 4}','GET','/api/admin/states',304,4,1,'::1','Mozilla/5.0 (Windows NT 10.0; Win64; x64) AppleWebKit/537.36 (KHTML, like Gecko) Chrome/146.0.0.0 Safari/537.36','2026-04-07 08:33:00'),(226,'10b004bb-f773-4f97-bcf5-5d94b18e56ee','http','GET /api/admin/states 304','{\"duration_ms\": 4}','GET','/api/admin/states',304,4,1,'::1','Mozilla/5.0 (Windows NT 10.0; Win64; x64) AppleWebKit/537.36 (KHTML, like Gecko) Chrome/146.0.0.0 Safari/537.36','2026-04-07 08:33:00'),(227,'4db3161a-a683-4383-bb98-247684e6bcc4','http','GET /api/admin/locations 304','{\"duration_ms\": 7}','GET','/api/admin/locations',304,7,1,'::1','Mozilla/5.0 (Windows NT 10.0; Win64; x64) AppleWebKit/537.36 (KHTML, like Gecko) Chrome/146.0.0.0 Safari/537.36','2026-04-07 08:33:01'),(228,'6e2f7c5a-c691-4970-b4ab-8ce79f3c8afc','http','GET /api/admin/states 304','{\"duration_ms\": 5}','GET','/api/admin/states',304,5,1,'::1','Mozilla/5.0 (Windows NT 10.0; Win64; x64) AppleWebKit/537.36 (KHTML, like Gecko) Chrome/146.0.0.0 Safari/537.36','2026-04-07 08:33:01'),(229,'7352733a-8e77-468a-b1eb-f6e9c54aa073','http','GET /api/admin/locations 304','{\"duration_ms\": 6}','GET','/api/admin/locations',304,6,1,'::1','Mozilla/5.0 (Windows NT 10.0; Win64; x64) AppleWebKit/537.36 (KHTML, like Gecko) Chrome/146.0.0.0 Safari/537.36','2026-04-07 08:33:01'),(230,'0172f38e-ae90-4800-8dfe-9f2c4ac473ce','http','GET /api/admin/states 304','{\"duration_ms\": 5}','GET','/api/admin/states',304,5,1,'::1','Mozilla/5.0 (Windows NT 10.0; Win64; x64) AppleWebKit/537.36 (KHTML, like Gecko) Chrome/146.0.0.0 Safari/537.36','2026-04-07 08:33:01'),(231,'0a014397-b432-48cc-af99-14d46c15cf82','http','GET /api/admin/settings 200','{\"duration_ms\": 6}','GET','/api/admin/settings',200,6,1,'::1','Mozilla/5.0 (Windows NT 10.0; Win64; x64) AppleWebKit/537.36 (KHTML, like Gecko) Chrome/146.0.0.0 Safari/537.36','2026-04-07 08:33:08'),(232,'b1590c6c-bc16-46b6-9e38-287bf4257784','http','GET /api/admin/settings 304','{\"duration_ms\": 5}','GET','/api/admin/settings',304,5,1,'::1','Mozilla/5.0 (Windows NT 10.0; Win64; x64) AppleWebKit/537.36 (KHTML, like Gecko) Chrome/146.0.0.0 Safari/537.36','2026-04-07 08:33:08'),(233,'58151577-0df0-4326-aebb-b0e3f55c92cf','http','GET /api/admin/roles 200','{\"duration_ms\": 6}','GET','/api/admin/roles',200,6,1,'::1','Mozilla/5.0 (Windows NT 10.0; Win64; x64) AppleWebKit/537.36 (KHTML, like Gecko) Chrome/146.0.0.0 Safari/537.36','2026-04-07 08:33:11'),(234,'4f22bef0-dfc9-4dcc-a10c-586db9f0b394','http','GET /api/admin/menus 200','{\"duration_ms\": 17}','GET','/api/admin/menus',200,17,1,'::1','Mozilla/5.0 (Windows NT 10.0; Win64; x64) AppleWebKit/537.36 (KHTML, like Gecko) Chrome/146.0.0.0 Safari/537.36','2026-04-07 08:33:11'),(235,'163f9925-a393-40b4-aeda-8d68a6033f42','http','GET /api/admin/roles 304','{\"duration_ms\": 4}','GET','/api/admin/roles',304,4,1,'::1','Mozilla/5.0 (Windows NT 10.0; Win64; x64) AppleWebKit/537.36 (KHTML, like Gecko) Chrome/146.0.0.0 Safari/537.36','2026-04-07 08:33:11'),(236,'6ed10f68-e5a6-4cc8-aea7-c15179e79cdc','http','GET /api/admin/menus 304','{\"duration_ms\": 6}','GET','/api/admin/menus',304,6,1,'::1','Mozilla/5.0 (Windows NT 10.0; Win64; x64) AppleWebKit/537.36 (KHTML, like Gecko) Chrome/146.0.0.0 Safari/537.36','2026-04-07 08:33:11'),(237,'ebcf889f-12e8-4b2f-a1bc-fe469ae54cc5','http','GET /api/admin/users 200','{\"duration_ms\": 7}','GET','/api/admin/users',200,7,1,'::1','Mozilla/5.0 (Windows NT 10.0; Win64; x64) AppleWebKit/537.36 (KHTML, like Gecko) Chrome/146.0.0.0 Safari/537.36','2026-04-07 08:38:08'),(238,'d3525eb0-764a-426f-b55d-4e94731bc907','http','GET /api/admin/roles 304','{\"duration_ms\": 5}','GET','/api/admin/roles',304,5,1,'::1','Mozilla/5.0 (Windows NT 10.0; Win64; x64) AppleWebKit/537.36 (KHTML, like Gecko) Chrome/146.0.0.0 Safari/537.36','2026-04-07 08:38:08'),(239,'933c5ada-cc3d-409f-b9a1-e37835f84e7e','http','GET /api/admin/users 304','{\"duration_ms\": 5}','GET','/api/admin/users',304,5,1,'::1','Mozilla/5.0 (Windows NT 10.0; Win64; x64) AppleWebKit/537.36 (KHTML, like Gecko) Chrome/146.0.0.0 Safari/537.36','2026-04-07 08:38:08'),(240,'1bf488ff-7ad5-4d0d-8b38-30643d3f6bb4','http','GET /api/admin/roles 304','{\"duration_ms\": 4}','GET','/api/admin/roles',304,4,1,'::1','Mozilla/5.0 (Windows NT 10.0; Win64; x64) AppleWebKit/537.36 (KHTML, like Gecko) Chrome/146.0.0.0 Safari/537.36','2026-04-07 08:38:08'),(241,'fd58d097-30c8-4bd5-a210-3d94845a7845','http','GET /api/admin/users 401','{\"duration_ms\": 32}','GET','/api/admin/users',401,32,NULL,'::1','Mozilla/5.0 (Windows NT 10.0; Win64; x64) AppleWebKit/537.36 (KHTML, like Gecko) Chrome/146.0.0.0 Safari/537.36','2026-04-07 08:50:03'),(242,'a10cc0a1-f9dd-4666-9314-4c0a4d9617c6','http','GET /api/admin/roles 401','{\"duration_ms\": 9}','GET','/api/admin/roles',401,9,NULL,'::1','Mozilla/5.0 (Windows NT 10.0; Win64; x64) AppleWebKit/537.36 (KHTML, like Gecko) Chrome/146.0.0.0 Safari/537.36','2026-04-07 08:50:03'),(243,'b7d8edc6-5e03-4e2c-ab94-3ab676f51dec','http','GET /api/admin/users 401','{\"duration_ms\": 8}','GET','/api/admin/users',401,8,NULL,'::1','Mozilla/5.0 (Windows NT 10.0; Win64; x64) AppleWebKit/537.36 (KHTML, like Gecko) Chrome/146.0.0.0 Safari/537.36','2026-04-07 08:50:03'),(244,'122482b4-f328-4e92-a0e0-ea0869c554e9','http','GET /api/admin/roles 401','{\"duration_ms\": 7}','GET','/api/admin/roles',401,7,NULL,'::1','Mozilla/5.0 (Windows NT 10.0; Win64; x64) AppleWebKit/537.36 (KHTML, like Gecko) Chrome/146.0.0.0 Safari/537.36','2026-04-07 08:50:03'),(245,'3bcfdf56-3e4f-4d48-ae63-ad5c10c379ae','http','POST /api/auth/refresh 200','{\"duration_ms\": 125}','POST','/api/auth/refresh',200,125,NULL,'::1','Mozilla/5.0 (Windows NT 10.0; Win64; x64) AppleWebKit/537.36 (KHTML, like Gecko) Chrome/146.0.0.0 Safari/537.36','2026-04-07 08:50:03'),(246,'bbb5a22e-e7c7-46af-811b-8c4a50399b73','http','GET /api/admin/users 304','{\"duration_ms\": 27}','GET','/api/admin/users',304,27,1,'::1','Mozilla/5.0 (Windows NT 10.0; Win64; x64) AppleWebKit/537.36 (KHTML, like Gecko) Chrome/146.0.0.0 Safari/537.36','2026-04-07 08:50:03'),(247,'c6f2e7b1-eff5-42e5-8133-9445346968a0','http','GET /api/admin/roles 200','{\"duration_ms\": 25}','GET','/api/admin/roles',200,25,1,'::1','Mozilla/5.0 (Windows NT 10.0; Win64; x64) AppleWebKit/537.36 (KHTML, like Gecko) Chrome/146.0.0.0 Safari/537.36','2026-04-07 08:50:03'),(248,'b03838d1-6571-40f0-b074-b4930a11a842','http','GET /api/admin/users 304','{\"duration_ms\": 19}','GET','/api/admin/users',304,19,1,'::1','Mozilla/5.0 (Windows NT 10.0; Win64; x64) AppleWebKit/537.36 (KHTML, like Gecko) Chrome/146.0.0.0 Safari/537.36','2026-04-07 08:50:03'),(249,'489d618e-a45f-49be-9bbd-010aca377907','http','GET /api/admin/roles 304','{\"duration_ms\": 14}','GET','/api/admin/roles',304,14,1,'::1','Mozilla/5.0 (Windows NT 10.0; Win64; x64) AppleWebKit/537.36 (KHTML, like Gecko) Chrome/146.0.0.0 Safari/537.36','2026-04-07 08:50:03'),(250,'e92d12bb-962d-4941-adfc-a962a7e5eedb','http','GET /api/admin/states 304','{\"duration_ms\": 7}','GET','/api/admin/states',304,7,1,'::1','Mozilla/5.0 (Windows NT 10.0; Win64; x64) AppleWebKit/537.36 (KHTML, like Gecko) Chrome/146.0.0.0 Safari/537.36','2026-04-07 08:50:43'),(251,'402d38ca-bf86-4649-a817-68fdf8680e97','http','GET /api/admin/states 304','{\"duration_ms\": 4}','GET','/api/admin/states',304,4,1,'::1','Mozilla/5.0 (Windows NT 10.0; Win64; x64) AppleWebKit/537.36 (KHTML, like Gecko) Chrome/146.0.0.0 Safari/537.36','2026-04-07 08:50:43'),(252,'699805f5-bac5-4140-aeb2-4036dadd1c9f','http','GET /api/admin/projects 304','{\"duration_ms\": 13}','GET','/api/admin/projects',304,13,1,'::1','Mozilla/5.0 (Windows NT 10.0; Win64; x64) AppleWebKit/537.36 (KHTML, like Gecko) Chrome/146.0.0.0 Safari/537.36','2026-04-07 08:50:43'),(253,'01a65eac-7fea-496f-93e3-b84564bc5d0e','http','GET /api/admin/projects 304','{\"duration_ms\": 6}','GET','/api/admin/projects',304,6,1,'::1','Mozilla/5.0 (Windows NT 10.0; Win64; x64) AppleWebKit/537.36 (KHTML, like Gecko) Chrome/146.0.0.0 Safari/537.36','2026-04-07 08:50:43'),(254,'70b595a3-fdf5-41e1-9729-e04302cb4efd','http','POST /api/auth/refresh 401','{\"duration_ms\": 6}','POST','/api/auth/refresh',401,6,NULL,'::1','Mozilla/5.0 (Windows NT 10.0; Win64; x64) AppleWebKit/537.36 (KHTML, like Gecko) Chrome/146.0.0.0 Safari/537.36','2026-04-07 10:56:41'),(255,'83767247-c538-449f-8d65-bae87411b61a','http','POST /api/auth/login 200','{\"duration_ms\": 579}','POST','/api/auth/login',200,579,NULL,'::1','Mozilla/5.0 (Windows NT 10.0; Win64; x64) AppleWebKit/537.36 (KHTML, like Gecko) Chrome/146.0.0.0 Safari/537.36','2026-04-07 10:56:43'),(256,'06582793-50df-4f7f-bb2e-346357a424bc','http','GET /api/admin/stats 200','{\"duration_ms\": 22}','GET','/api/admin/stats',200,22,1,'::1','Mozilla/5.0 (Windows NT 10.0; Win64; x64) AppleWebKit/537.36 (KHTML, like Gecko) Chrome/146.0.0.0 Safari/537.36','2026-04-07 10:56:44'),(257,'1e81ab92-7922-4501-97df-55e73e6e80df','http','GET /api/admin/stats 304','{\"duration_ms\": 14}','GET','/api/admin/stats',304,14,1,'::1','Mozilla/5.0 (Windows NT 10.0; Win64; x64) AppleWebKit/537.36 (KHTML, like Gecko) Chrome/146.0.0.0 Safari/537.36','2026-04-07 10:56:44'),(258,'8905b315-705c-4afd-80a3-0df3d7ff8560','http','GET /api/admin/states 200','{\"duration_ms\": 12}','GET','/api/admin/states',200,12,1,'::1','Mozilla/5.0 (Windows NT 10.0; Win64; x64) AppleWebKit/537.36 (KHTML, like Gecko) Chrome/146.0.0.0 Safari/537.36','2026-04-07 10:57:01'),(259,'72caba14-836d-4b66-a9bc-c3c95682d65b','http','GET /api/admin/states 304','{\"duration_ms\": 3}','GET','/api/admin/states',304,3,1,'::1','Mozilla/5.0 (Windows NT 10.0; Win64; x64) AppleWebKit/537.36 (KHTML, like Gecko) Chrome/146.0.0.0 Safari/537.36','2026-04-07 10:57:01'),(260,'caa6ffa0-4141-44b6-b02b-58cf6c363f78','http','GET /api/admin/projects 200','{\"duration_ms\": 18}','GET','/api/admin/projects',200,18,1,'::1','Mozilla/5.0 (Windows NT 10.0; Win64; x64) AppleWebKit/537.36 (KHTML, like Gecko) Chrome/146.0.0.0 Safari/537.36','2026-04-07 10:57:01'),(261,'b29b552e-6354-491e-9246-ee2de40dca9a','http','GET /api/admin/projects 304','{\"duration_ms\": 8}','GET','/api/admin/projects',304,8,1,'::1','Mozilla/5.0 (Windows NT 10.0; Win64; x64) AppleWebKit/537.36 (KHTML, like Gecko) Chrome/146.0.0.0 Safari/537.36','2026-04-07 10:57:01'),(262,'ca6da1bf-a56e-42d3-b151-f426af99c00d','http','POST /api/auth/refresh 200','{\"duration_ms\": 19}','POST','/api/auth/refresh',200,19,NULL,'::1','Mozilla/5.0 (Windows NT 10.0; Win64; x64) AppleWebKit/537.36 (KHTML, like Gecko) Chrome/146.0.0.0 Safari/537.36','2026-04-07 10:57:06'),(263,'4cabf5be-4bf0-401e-ac0e-b487424c1c56','http','GET /api/portal/bootstrap 304','{\"duration_ms\": 12}','GET','/api/portal/bootstrap',304,12,1,'::1','Mozilla/5.0 (Windows NT 10.0; Win64; x64) AppleWebKit/537.36 (KHTML, like Gecko) Chrome/146.0.0.0 Safari/537.36','2026-04-07 10:57:07'),(264,'eb6b534e-689f-42b4-9265-7a09da942204','http','GET /api/portal/stats 200','{\"duration_ms\": 17}','GET','/api/portal/stats',200,17,1,'::1','Mozilla/5.0 (Windows NT 10.0; Win64; x64) AppleWebKit/537.36 (KHTML, like Gecko) Chrome/146.0.0.0 Safari/537.36','2026-04-07 10:57:07'),(265,'85e12040-945b-424a-89dc-5128f9a0a903','http','GET /api/portal/bootstrap 304','{\"duration_ms\": 5}','GET','/api/portal/bootstrap',304,5,1,'::1','Mozilla/5.0 (Windows NT 10.0; Win64; x64) AppleWebKit/537.36 (KHTML, like Gecko) Chrome/146.0.0.0 Safari/537.36','2026-04-07 10:57:07'),(266,'b8861f2d-8335-44cc-aed8-1c7ffa87983d','http','GET /api/portal/stats 304','{\"duration_ms\": 10}','GET','/api/portal/stats',304,10,1,'::1','Mozilla/5.0 (Windows NT 10.0; Win64; x64) AppleWebKit/537.36 (KHTML, like Gecko) Chrome/146.0.0.0 Safari/537.36','2026-04-07 10:57:07'),(267,'7fa19590-c784-478e-83cd-05c8cdce0590','http','POST /api/auth/refresh 200','{\"duration_ms\": 14}','POST','/api/auth/refresh',200,14,NULL,'::1','Mozilla/5.0 (Windows NT 10.0; Win64; x64) AppleWebKit/537.36 (KHTML, like Gecko) Chrome/146.0.0.0 Safari/537.36','2026-04-07 10:57:28'),(268,'eb551f64-5722-4a05-aab9-88540d703abf','http','GET /api/portal/bootstrap 304','{\"duration_ms\": 9}','GET','/api/portal/bootstrap',304,9,1,'::1','Mozilla/5.0 (Windows NT 10.0; Win64; x64) AppleWebKit/537.36 (KHTML, like Gecko) Chrome/146.0.0.0 Safari/537.36','2026-04-07 10:57:28'),(269,'845a8b1d-a758-403d-842e-787b1aca3f84','http','GET /api/portal/stats 304','{\"duration_ms\": 8}','GET','/api/portal/stats',304,8,1,'::1','Mozilla/5.0 (Windows NT 10.0; Win64; x64) AppleWebKit/537.36 (KHTML, like Gecko) Chrome/146.0.0.0 Safari/537.36','2026-04-07 10:57:28'),(270,'6e266f12-8a3a-451c-806c-efcda6863564','http','GET /api/portal/bootstrap 304','{\"duration_ms\": 2}','GET','/api/portal/bootstrap',304,2,1,'::1','Mozilla/5.0 (Windows NT 10.0; Win64; x64) AppleWebKit/537.36 (KHTML, like Gecko) Chrome/146.0.0.0 Safari/537.36','2026-04-07 10:57:28'),(271,'3aee43c3-1a5a-4d99-8626-9fea712ba7ca','http','GET /api/portal/stats 304','{\"duration_ms\": 5}','GET','/api/portal/stats',304,5,1,'::1','Mozilla/5.0 (Windows NT 10.0; Win64; x64) AppleWebKit/537.36 (KHTML, like Gecko) Chrome/146.0.0.0 Safari/537.36','2026-04-07 10:57:28'),(272,'ae6a1805-c19e-4941-b975-b9af46f628f5','http','GET /api/admin/stats 304','{\"duration_ms\": 10}','GET','/api/admin/stats',304,10,1,'::1','Mozilla/5.0 (Windows NT 10.0; Win64; x64) AppleWebKit/537.36 (KHTML, like Gecko) Chrome/146.0.0.0 Safari/537.36','2026-04-07 10:57:49'),(273,'2a2cff55-b30b-48ec-94b2-0591d6108b06','http','GET /api/admin/stats 304','{\"duration_ms\": 7}','GET','/api/admin/stats',304,7,1,'::1','Mozilla/5.0 (Windows NT 10.0; Win64; x64) AppleWebKit/537.36 (KHTML, like Gecko) Chrome/146.0.0.0 Safari/537.36','2026-04-07 10:57:49'),(274,'b313be32-048e-4190-bc56-82911e75fe13','http','GET /api/admin/states 304','{\"duration_ms\": 6}','GET','/api/admin/states',304,6,1,'::1','Mozilla/5.0 (Windows NT 10.0; Win64; x64) AppleWebKit/537.36 (KHTML, like Gecko) Chrome/146.0.0.0 Safari/537.36','2026-04-07 10:57:50'),(275,'e8009d34-c956-4571-8daf-005d03a2706a','http','GET /api/admin/project-categories 200','{\"duration_ms\": 5}','GET','/api/admin/project-categories',200,5,1,'::1','Mozilla/5.0 (Windows NT 10.0; Win64; x64) AppleWebKit/537.36 (KHTML, like Gecko) Chrome/146.0.0.0 Safari/537.36','2026-04-07 10:57:50'),(276,'b87a6aa7-a80d-4cf4-b1e3-8a79dbf9eb17','http','GET /api/admin/project-categories 304','{\"duration_ms\": 5}','GET','/api/admin/project-categories',304,5,1,'::1','Mozilla/5.0 (Windows NT 10.0; Win64; x64) AppleWebKit/537.36 (KHTML, like Gecko) Chrome/146.0.0.0 Safari/537.36','2026-04-07 10:57:50'),(277,'7fe8735b-57f6-4f01-b595-844bc03c6cfd','http','GET /api/admin/states 304','{\"duration_ms\": 4}','GET','/api/admin/states',304,4,1,'::1','Mozilla/5.0 (Windows NT 10.0; Win64; x64) AppleWebKit/537.36 (KHTML, like Gecko) Chrome/146.0.0.0 Safari/537.36','2026-04-07 10:57:50'),(278,'adeb7c46-4e97-4706-a674-a91fe72f11e0','http','GET /api/admin/locations 200','{\"duration_ms\": 9}','GET','/api/admin/locations',200,9,1,'::1','Mozilla/5.0 (Windows NT 10.0; Win64; x64) AppleWebKit/537.36 (KHTML, like Gecko) Chrome/146.0.0.0 Safari/537.36','2026-04-07 10:58:25'),(279,'676bf214-3168-4648-82f6-949d03248fc3','http','GET /api/admin/locations 304','{\"duration_ms\": 7}','GET','/api/admin/locations',304,7,1,'::1','Mozilla/5.0 (Windows NT 10.0; Win64; x64) AppleWebKit/537.36 (KHTML, like Gecko) Chrome/146.0.0.0 Safari/537.36','2026-04-07 10:58:29'),(280,'12396cf1-d9fc-47dd-ace2-d89363a3c5e0','http','GET /api/admin/locations 304','{\"duration_ms\": 6}','GET','/api/admin/locations',304,6,1,'::1','Mozilla/5.0 (Windows NT 10.0; Win64; x64) AppleWebKit/537.36 (KHTML, like Gecko) Chrome/146.0.0.0 Safari/537.36','2026-04-07 10:58:31'),(281,'6576d90c-d9d3-4790-ae27-645579871ddb','http','POST /api/admin/projects 201','{\"duration_ms\": 26}','POST','/api/admin/projects',201,26,1,'::1','Mozilla/5.0 (Windows NT 10.0; Win64; x64) AppleWebKit/537.36 (KHTML, like Gecko) Chrome/146.0.0.0 Safari/537.36','2026-04-07 10:59:34'),(282,'393ad9e0-a652-4e3d-9d49-f27e162e2747','http','PATCH /api/admin/projects/2 200','{\"duration_ms\": 21}','PATCH','/api/admin/projects/2',200,21,1,'::1','Mozilla/5.0 (Windows NT 10.0; Win64; x64) AppleWebKit/537.36 (KHTML, like Gecko) Chrome/146.0.0.0 Safari/537.36','2026-04-07 11:00:05'),(283,'027afbd9-28ed-4b3f-b922-bd69089fac8b','http','POST /api/admin/projects/2/photos 200','{\"duration_ms\": 79}','POST','/api/admin/projects/2/photos',200,79,1,'::1','Mozilla/5.0 (Windows NT 10.0; Win64; x64) AppleWebKit/537.36 (KHTML, like Gecko) Chrome/146.0.0.0 Safari/537.36','2026-04-07 11:00:05'),(284,'5a01ece3-f040-4a70-b1e8-e17e20eac95f','http','POST /api/admin/projects/2/submit 200','{\"duration_ms\": 20}','POST','/api/admin/projects/2/submit',200,20,1,'::1','Mozilla/5.0 (Windows NT 10.0; Win64; x64) AppleWebKit/537.36 (KHTML, like Gecko) Chrome/146.0.0.0 Safari/537.36','2026-04-07 11:00:05'),(285,'64b2d3d7-a022-40af-805d-9c78ea8c72f3','http','GET /api/admin/states 304','{\"duration_ms\": 5}','GET','/api/admin/states',304,5,1,'::1','Mozilla/5.0 (Windows NT 10.0; Win64; x64) AppleWebKit/537.36 (KHTML, like Gecko) Chrome/146.0.0.0 Safari/537.36','2026-04-07 11:00:05'),(286,'bb2a8c33-7123-4d8f-8b5b-0ee4188d244d','http','GET /api/admin/states 304','{\"duration_ms\": 4}','GET','/api/admin/states',304,4,1,'::1','Mozilla/5.0 (Windows NT 10.0; Win64; x64) AppleWebKit/537.36 (KHTML, like Gecko) Chrome/146.0.0.0 Safari/537.36','2026-04-07 11:00:05'),(287,'b8a84875-ab64-4abe-b82b-6a2195729bb9','http','GET /api/admin/projects 200','{\"duration_ms\": 8}','GET','/api/admin/projects',200,8,1,'::1','Mozilla/5.0 (Windows NT 10.0; Win64; x64) AppleWebKit/537.36 (KHTML, like Gecko) Chrome/146.0.0.0 Safari/537.36','2026-04-07 11:00:05'),(288,'c625424b-1c36-4289-8c56-7cc7676ee982','http','GET /api/admin/projects 304','{\"duration_ms\": 6}','GET','/api/admin/projects',304,6,1,'::1','Mozilla/5.0 (Windows NT 10.0; Win64; x64) AppleWebKit/537.36 (KHTML, like Gecko) Chrome/146.0.0.0 Safari/537.36','2026-04-07 11:00:05'),(289,'0591c689-20ed-4d27-bd24-565f1c913e88','http','GET /api/portal/bootstrap 304','{\"duration_ms\": 8}','GET','/api/portal/bootstrap',304,8,1,'::1','Mozilla/5.0 (Windows NT 10.0; Win64; x64) AppleWebKit/537.36 (KHTML, like Gecko) Chrome/146.0.0.0 Safari/537.36','2026-04-07 11:00:08'),(290,'e07334c4-cda7-4351-acf2-e9d9fe74f8be','http','GET /api/portal/stats 304','{\"duration_ms\": 10}','GET','/api/portal/stats',304,10,1,'::1','Mozilla/5.0 (Windows NT 10.0; Win64; x64) AppleWebKit/537.36 (KHTML, like Gecko) Chrome/146.0.0.0 Safari/537.36','2026-04-07 11:00:08'),(291,'1f831e04-604d-4134-96d9-76672c363baa','http','GET /api/portal/bootstrap 304','{\"duration_ms\": 7}','GET','/api/portal/bootstrap',304,7,1,'::1','Mozilla/5.0 (Windows NT 10.0; Win64; x64) AppleWebKit/537.36 (KHTML, like Gecko) Chrome/146.0.0.0 Safari/537.36','2026-04-07 11:00:08'),(292,'49391d60-2649-458f-850d-bdb40a7c0a98','http','GET /api/portal/stats 304','{\"duration_ms\": 7}','GET','/api/portal/stats',304,7,1,'::1','Mozilla/5.0 (Windows NT 10.0; Win64; x64) AppleWebKit/537.36 (KHTML, like Gecko) Chrome/146.0.0.0 Safari/537.36','2026-04-07 11:00:08'),(293,'d9061eda-f91a-4405-be66-560289cb1277','http','POST /api/auth/refresh 200','{\"duration_ms\": 11}','POST','/api/auth/refresh',200,11,NULL,'::1','Mozilla/5.0 (Windows NT 10.0; Win64; x64) AppleWebKit/537.36 (KHTML, like Gecko) Chrome/146.0.0.0 Safari/537.36','2026-04-07 11:00:10'),(294,'57fcc850-5f03-4dfe-8731-95ba6772faec','http','GET /api/portal/bootstrap 304','{\"duration_ms\": 6}','GET','/api/portal/bootstrap',304,6,1,'::1','Mozilla/5.0 (Windows NT 10.0; Win64; x64) AppleWebKit/537.36 (KHTML, like Gecko) Chrome/146.0.0.0 Safari/537.36','2026-04-07 11:00:10'),(295,'ec5a9330-ffe9-42f8-809d-cc9be9219ee7','http','GET /api/portal/stats 304','{\"duration_ms\": 8}','GET','/api/portal/stats',304,8,1,'::1','Mozilla/5.0 (Windows NT 10.0; Win64; x64) AppleWebKit/537.36 (KHTML, like Gecko) Chrome/146.0.0.0 Safari/537.36','2026-04-07 11:00:10'),(296,'dced3bfd-cf9b-4bc1-82be-77d058e8c30c','http','GET /api/portal/bootstrap 304','{\"duration_ms\": 4}','GET','/api/portal/bootstrap',304,4,1,'::1','Mozilla/5.0 (Windows NT 10.0; Win64; x64) AppleWebKit/537.36 (KHTML, like Gecko) Chrome/146.0.0.0 Safari/537.36','2026-04-07 11:00:10'),(297,'35c8df8a-b1bb-4659-b301-4bbf5470855c','http','GET /api/portal/stats 304','{\"duration_ms\": 8}','GET','/api/portal/stats',304,8,1,'::1','Mozilla/5.0 (Windows NT 10.0; Win64; x64) AppleWebKit/537.36 (KHTML, like Gecko) Chrome/146.0.0.0 Safari/537.36','2026-04-07 11:00:10'),(298,'dd17858c-cfd6-4fd6-83ac-5add3a73d417','http','GET /api/admin/stats 200','{\"duration_ms\": 7}','GET','/api/admin/stats',200,7,1,'::1','Mozilla/5.0 (Windows NT 10.0; Win64; x64) AppleWebKit/537.36 (KHTML, like Gecko) Chrome/146.0.0.0 Safari/537.36','2026-04-07 11:01:22'),(299,'4a9295fe-08ce-4c76-839c-308198b14c73','http','GET /api/admin/stats 304','{\"duration_ms\": 6}','GET','/api/admin/stats',304,6,1,'::1','Mozilla/5.0 (Windows NT 10.0; Win64; x64) AppleWebKit/537.36 (KHTML, like Gecko) Chrome/146.0.0.0 Safari/537.36','2026-04-07 11:01:22'),(300,'2923ef02-0ee2-4e0c-a83c-0a3dc828c5de','http','GET /api/admin/states 304','{\"duration_ms\": 12}','GET','/api/admin/states',304,12,1,'::1','Mozilla/5.0 (Windows NT 10.0; Win64; x64) AppleWebKit/537.36 (KHTML, like Gecko) Chrome/146.0.0.0 Safari/537.36','2026-04-07 11:01:25'),(301,'4802140a-e3d0-40fb-beaa-c73b174e5b30','http','GET /api/admin/project-categories 304','{\"duration_ms\": 10}','GET','/api/admin/project-categories',304,10,1,'::1','Mozilla/5.0 (Windows NT 10.0; Win64; x64) AppleWebKit/537.36 (KHTML, like Gecko) Chrome/146.0.0.0 Safari/537.36','2026-04-07 11:01:25'),(302,'826560ed-4f34-47cd-bac1-3afc4358de6f','http','GET /api/admin/states 304','{\"duration_ms\": 5}','GET','/api/admin/states',304,5,1,'::1','Mozilla/5.0 (Windows NT 10.0; Win64; x64) AppleWebKit/537.36 (KHTML, like Gecko) Chrome/146.0.0.0 Safari/537.36','2026-04-07 11:01:25'),(303,'bc8bc8b3-2ea6-4658-8502-ad20a9d39959','http','GET /api/admin/project-categories 304','{\"duration_ms\": 6}','GET','/api/admin/project-categories',304,6,1,'::1','Mozilla/5.0 (Windows NT 10.0; Win64; x64) AppleWebKit/537.36 (KHTML, like Gecko) Chrome/146.0.0.0 Safari/537.36','2026-04-07 11:01:25'),(304,'d98ab06d-61f1-4006-b202-924b494fc27e','http','GET /api/portal/bootstrap 304','{\"duration_ms\": 5}','GET','/api/portal/bootstrap',304,5,1,'::1','Mozilla/5.0 (Windows NT 10.0; Win64; x64) AppleWebKit/537.36 (KHTML, like Gecko) Chrome/146.0.0.0 Safari/537.36','2026-04-07 11:02:24'),(305,'b1cc44a1-e603-4bfe-bd2e-32401c7c8ee6','http','GET /api/portal/stats 304','{\"duration_ms\": 18}','GET','/api/portal/stats',304,18,1,'::1','Mozilla/5.0 (Windows NT 10.0; Win64; x64) AppleWebKit/537.36 (KHTML, like Gecko) Chrome/146.0.0.0 Safari/537.36','2026-04-07 11:02:24'),(306,'54ebc7ab-4968-4f05-b9b2-022909beef33','http','GET /api/portal/bootstrap 304','{\"duration_ms\": 8}','GET','/api/portal/bootstrap',304,8,1,'::1','Mozilla/5.0 (Windows NT 10.0; Win64; x64) AppleWebKit/537.36 (KHTML, like Gecko) Chrome/146.0.0.0 Safari/537.36','2026-04-07 11:02:24'),(307,'da842b7b-907b-4854-9423-2b2cae7a0c56','http','GET /api/portal/stats 304','{\"duration_ms\": 11}','GET','/api/portal/stats',304,11,1,'::1','Mozilla/5.0 (Windows NT 10.0; Win64; x64) AppleWebKit/537.36 (KHTML, like Gecko) Chrome/146.0.0.0 Safari/537.36','2026-04-07 11:02:24'),(308,'2cc5bfd3-357b-466f-a07b-89770d806045','http','POST /api/auth/refresh 200','{\"duration_ms\": 14}','POST','/api/auth/refresh',200,14,NULL,'::1','Mozilla/5.0 (Windows NT 10.0; Win64; x64) AppleWebKit/537.36 (KHTML, like Gecko) Chrome/146.0.0.0 Safari/537.36','2026-04-07 11:06:34'),(309,'d7344a36-9113-4373-b278-65019c922878','http','GET /api/portal/bootstrap 304','{\"duration_ms\": 4}','GET','/api/portal/bootstrap',304,4,1,'::1','Mozilla/5.0 (Windows NT 10.0; Win64; x64) AppleWebKit/537.36 (KHTML, like Gecko) Chrome/146.0.0.0 Safari/537.36','2026-04-07 11:06:34'),(310,'8b45fde3-4d3c-403b-b9aa-e3ff38e8b504','http','GET /api/portal/stats 304','{\"duration_ms\": 8}','GET','/api/portal/stats',304,8,1,'::1','Mozilla/5.0 (Windows NT 10.0; Win64; x64) AppleWebKit/537.36 (KHTML, like Gecko) Chrome/146.0.0.0 Safari/537.36','2026-04-07 11:06:34'),(311,'f1091a63-d09d-467a-a9aa-4592d8badc0f','http','GET /api/portal/bootstrap 304','{\"duration_ms\": 3}','GET','/api/portal/bootstrap',304,3,1,'::1','Mozilla/5.0 (Windows NT 10.0; Win64; x64) AppleWebKit/537.36 (KHTML, like Gecko) Chrome/146.0.0.0 Safari/537.36','2026-04-07 11:06:34'),(312,'ffe64514-a933-4d0b-a858-f33fd02d53a1','http','GET /api/portal/stats 304','{\"duration_ms\": 8}','GET','/api/portal/stats',304,8,1,'::1','Mozilla/5.0 (Windows NT 10.0; Win64; x64) AppleWebKit/537.36 (KHTML, like Gecko) Chrome/146.0.0.0 Safari/537.36','2026-04-07 11:06:34'),(313,'bfedbc2d-7955-44e7-8c7a-e0caf58224f5','http','GET /api/admin/stats 304','{\"duration_ms\": 11}','GET','/api/admin/stats',304,11,1,'::1','Mozilla/5.0 (Windows NT 10.0; Win64; x64) AppleWebKit/537.36 (KHTML, like Gecko) Chrome/146.0.0.0 Safari/537.36','2026-04-07 11:06:40'),(314,'48680685-a8ec-4ece-b4ca-5517dd52f3a3','http','GET /api/admin/stats 304','{\"duration_ms\": 9}','GET','/api/admin/stats',304,9,1,'::1','Mozilla/5.0 (Windows NT 10.0; Win64; x64) AppleWebKit/537.36 (KHTML, like Gecko) Chrome/146.0.0.0 Safari/537.36','2026-04-07 11:06:40'),(315,'b5395f90-af3a-4bba-b41e-a6e8a87f10f9','http','GET /api/admin/states 304','{\"duration_ms\": 4}','GET','/api/admin/states',304,4,1,'::1','Mozilla/5.0 (Windows NT 10.0; Win64; x64) AppleWebKit/537.36 (KHTML, like Gecko) Chrome/146.0.0.0 Safari/537.36','2026-04-07 11:06:41'),(316,'f91223ce-da1c-440b-94ee-f7eb1de2fb23','http','GET /api/admin/states 304','{\"duration_ms\": 5}','GET','/api/admin/states',304,5,1,'::1','Mozilla/5.0 (Windows NT 10.0; Win64; x64) AppleWebKit/537.36 (KHTML, like Gecko) Chrome/146.0.0.0 Safari/537.36','2026-04-07 11:06:41'),(317,'0dcbfdce-2623-4be8-8791-301f283fdc54','http','GET /api/admin/projects 304','{\"duration_ms\": 8}','GET','/api/admin/projects',304,8,1,'::1','Mozilla/5.0 (Windows NT 10.0; Win64; x64) AppleWebKit/537.36 (KHTML, like Gecko) Chrome/146.0.0.0 Safari/537.36','2026-04-07 11:06:41'),(318,'8ceebf3b-13c0-429f-abdf-5e0de9d610a3','http','GET /api/admin/projects 304','{\"duration_ms\": 10}','GET','/api/admin/projects',304,10,1,'::1','Mozilla/5.0 (Windows NT 10.0; Win64; x64) AppleWebKit/537.36 (KHTML, like Gecko) Chrome/146.0.0.0 Safari/537.36','2026-04-07 11:06:41'),(319,'c4dd6699-e224-47d1-986d-876fb10fe509','http','GET /api/admin/states 304','{\"duration_ms\": 5}','GET','/api/admin/states',304,5,1,'::1','Mozilla/5.0 (Windows NT 10.0; Win64; x64) AppleWebKit/537.36 (KHTML, like Gecko) Chrome/146.0.0.0 Safari/537.36','2026-04-07 11:06:43'),(320,'a454bb81-404b-43ed-b82c-92a77d1b31fe','http','GET /api/admin/project-categories 304','{\"duration_ms\": 7}','GET','/api/admin/project-categories',304,7,1,'::1','Mozilla/5.0 (Windows NT 10.0; Win64; x64) AppleWebKit/537.36 (KHTML, like Gecko) Chrome/146.0.0.0 Safari/537.36','2026-04-07 11:06:43'),(321,'49d6fabc-e04f-49a8-98cc-d6f77e1d4414','http','GET /api/admin/states 304','{\"duration_ms\": 4}','GET','/api/admin/states',304,4,1,'::1','Mozilla/5.0 (Windows NT 10.0; Win64; x64) AppleWebKit/537.36 (KHTML, like Gecko) Chrome/146.0.0.0 Safari/537.36','2026-04-07 11:06:43'),(322,'35c82455-c202-47a0-a57a-55e4710e358d','http','GET /api/admin/project-categories 304','{\"duration_ms\": 6}','GET','/api/admin/project-categories',304,6,1,'::1','Mozilla/5.0 (Windows NT 10.0; Win64; x64) AppleWebKit/537.36 (KHTML, like Gecko) Chrome/146.0.0.0 Safari/537.36','2026-04-07 11:06:43'),(323,'f2857902-edd2-4d52-aa5f-9f962a77eff5','http','GET /api/admin/project-categories 200','{\"duration_ms\": 5}','GET','/api/admin/project-categories?includeInactive=1',200,5,1,'::1','Mozilla/5.0 (Windows NT 10.0; Win64; x64) AppleWebKit/537.36 (KHTML, like Gecko) Chrome/146.0.0.0 Safari/537.36','2026-04-07 11:06:44'),(324,'e080448c-2771-4737-a7a5-e54088bc253f','http','GET /api/admin/project-categories 304','{\"duration_ms\": 2}','GET','/api/admin/project-categories?includeInactive=1',304,2,1,'::1','Mozilla/5.0 (Windows NT 10.0; Win64; x64) AppleWebKit/537.36 (KHTML, like Gecko) Chrome/146.0.0.0 Safari/537.36','2026-04-07 11:06:44'),(325,'46447591-5897-41fe-8753-b1cd351ca6f5','http','GET /api/admin/stats 304','{\"duration_ms\": 12}','GET','/api/admin/stats',304,12,1,'::1','Mozilla/5.0 (Windows NT 10.0; Win64; x64) AppleWebKit/537.36 (KHTML, like Gecko) Chrome/146.0.0.0 Safari/537.36','2026-04-07 11:06:45'),(326,'13cf0728-d80c-4936-a552-501ce2bf4fd3','http','GET /api/admin/stats 304','{\"duration_ms\": 7}','GET','/api/admin/stats',304,7,1,'::1','Mozilla/5.0 (Windows NT 10.0; Win64; x64) AppleWebKit/537.36 (KHTML, like Gecko) Chrome/146.0.0.0 Safari/537.36','2026-04-07 11:06:45'),(327,'84311bc6-5053-4335-af22-cc8e042855da','http','GET /api/portal/bootstrap 304','{\"duration_ms\": 6}','GET','/api/portal/bootstrap',304,6,1,'::1','Mozilla/5.0 (Windows NT 10.0; Win64; x64) AppleWebKit/537.36 (KHTML, like Gecko) Chrome/146.0.0.0 Safari/537.36','2026-04-07 11:06:49'),(328,'ee5aea2d-1f65-4dd6-ae37-1c00b217a051','http','GET /api/portal/stats 304','{\"duration_ms\": 9}','GET','/api/portal/stats',304,9,1,'::1','Mozilla/5.0 (Windows NT 10.0; Win64; x64) AppleWebKit/537.36 (KHTML, like Gecko) Chrome/146.0.0.0 Safari/537.36','2026-04-07 11:06:49'),(329,'5cac4aab-5e40-44d6-a51a-602c3b69ca7a','http','GET /api/portal/bootstrap 304','{\"duration_ms\": 5}','GET','/api/portal/bootstrap',304,5,1,'::1','Mozilla/5.0 (Windows NT 10.0; Win64; x64) AppleWebKit/537.36 (KHTML, like Gecko) Chrome/146.0.0.0 Safari/537.36','2026-04-07 11:06:49'),(330,'b78e7f19-d0de-4184-b55d-18523d3b3ac4','http','GET /api/portal/stats 304','{\"duration_ms\": 6}','GET','/api/portal/stats',304,6,1,'::1','Mozilla/5.0 (Windows NT 10.0; Win64; x64) AppleWebKit/537.36 (KHTML, like Gecko) Chrome/146.0.0.0 Safari/537.36','2026-04-07 11:06:49'),(331,'9b0de0aa-bb27-495f-b32d-3fecb0ee5394','http','GET /api/portal/bootstrap 304','{\"duration_ms\": 11}','GET','/api/portal/bootstrap',304,11,1,'::1','Mozilla/5.0 (Windows NT 10.0; Win64; x64) AppleWebKit/537.36 (KHTML, like Gecko) Chrome/146.0.0.0 Safari/537.36','2026-04-07 11:08:38'),(332,'d09049be-0c5f-4864-81cc-de03638ad14c','http','GET /api/portal/projects 200','{\"duration_ms\": 12}','GET','/api/portal/projects',200,12,1,'::1','Mozilla/5.0 (Windows NT 10.0; Win64; x64) AppleWebKit/537.36 (KHTML, like Gecko) Chrome/146.0.0.0 Safari/537.36','2026-04-07 11:08:38'),(333,'8edbc63e-f688-438e-a5ea-19e2a6885525','http','GET /api/portal/bootstrap 304','{\"duration_ms\": 5}','GET','/api/portal/bootstrap',304,5,1,'::1','Mozilla/5.0 (Windows NT 10.0; Win64; x64) AppleWebKit/537.36 (KHTML, like Gecko) Chrome/146.0.0.0 Safari/537.36','2026-04-07 11:08:38'),(334,'4fdf82de-f871-4359-8f1f-8ee25ec542db','http','GET /api/portal/projects 304','{\"duration_ms\": 4}','GET','/api/portal/projects',304,4,1,'::1','Mozilla/5.0 (Windows NT 10.0; Win64; x64) AppleWebKit/537.36 (KHTML, like Gecko) Chrome/146.0.0.0 Safari/537.36','2026-04-07 11:08:38'),(335,'b9ee153a-0225-4907-bae5-d892cb4c965f','http','GET /api/portal/stats 304','{\"duration_ms\": 22}','GET','/api/portal/stats',304,22,1,'::1','Mozilla/5.0 (Windows NT 10.0; Win64; x64) AppleWebKit/537.36 (KHTML, like Gecko) Chrome/146.0.0.0 Safari/537.36','2026-04-07 11:08:38'),(336,'72702dba-3774-4963-90d0-268db0c88c2b','http','GET /api/portal/stats 304','{\"duration_ms\": 6}','GET','/api/portal/stats',304,6,1,'::1','Mozilla/5.0 (Windows NT 10.0; Win64; x64) AppleWebKit/537.36 (KHTML, like Gecko) Chrome/146.0.0.0 Safari/537.36','2026-04-07 11:08:38'),(337,'bfdb01d3-a7b4-43f1-8256-521faf37085e','http','GET /api/portal/bootstrap 304','{\"duration_ms\": 9}','GET','/api/portal/bootstrap',304,9,1,'::1','Mozilla/5.0 (Windows NT 10.0; Win64; x64) AppleWebKit/537.36 (KHTML, like Gecko) Chrome/146.0.0.0 Safari/537.36','2026-04-07 11:08:42'),(338,'4c025924-1166-4e31-b58b-a5754d12489b','http','GET /api/portal/projects 304','{\"duration_ms\": 8}','GET','/api/portal/projects',304,8,1,'::1','Mozilla/5.0 (Windows NT 10.0; Win64; x64) AppleWebKit/537.36 (KHTML, like Gecko) Chrome/146.0.0.0 Safari/537.36','2026-04-07 11:08:42'),(339,'abe08771-6b8d-4303-b353-ffed4520a978','http','GET /api/portal/stats 304','{\"duration_ms\": 11}','GET','/api/portal/stats',304,11,1,'::1','Mozilla/5.0 (Windows NT 10.0; Win64; x64) AppleWebKit/537.36 (KHTML, like Gecko) Chrome/146.0.0.0 Safari/537.36','2026-04-07 11:08:42'),(340,'c74cf820-c263-4f4b-9253-0f08701a2ad0','http','GET /api/portal/bootstrap 304','{\"duration_ms\": 6}','GET','/api/portal/bootstrap',304,6,1,'::1','Mozilla/5.0 (Windows NT 10.0; Win64; x64) AppleWebKit/537.36 (KHTML, like Gecko) Chrome/146.0.0.0 Safari/537.36','2026-04-07 11:08:43'),(341,'87af2ba9-7c2e-4b80-a492-31bbf93d6091','http','GET /api/portal/stats 304','{\"duration_ms\": 5}','GET','/api/portal/stats',304,5,1,'::1','Mozilla/5.0 (Windows NT 10.0; Win64; x64) AppleWebKit/537.36 (KHTML, like Gecko) Chrome/146.0.0.0 Safari/537.36','2026-04-07 11:08:43'),(342,'c5fc07e3-44e6-4b08-93bd-bcfc639cc172','http','GET /api/portal/projects 304','{\"duration_ms\": 7}','GET','/api/portal/projects',304,7,1,'::1','Mozilla/5.0 (Windows NT 10.0; Win64; x64) AppleWebKit/537.36 (KHTML, like Gecko) Chrome/146.0.0.0 Safari/537.36','2026-04-07 11:08:43'),(343,'69aa154b-a214-4135-9441-8b461509c76f','http','POST /api/auth/refresh 200','{\"duration_ms\": 16}','POST','/api/auth/refresh',200,16,NULL,'::1','Mozilla/5.0 (Windows NT 10.0; Win64; x64) AppleWebKit/537.36 (KHTML, like Gecko) Chrome/146.0.0.0 Safari/537.36','2026-04-07 11:12:20'),(344,'5d79baf0-6b91-42ca-be1c-fac9d560f7d0','http','GET /api/portal/bootstrap 304','{\"duration_ms\": 11}','GET','/api/portal/bootstrap',304,11,1,'::1','Mozilla/5.0 (Windows NT 10.0; Win64; x64) AppleWebKit/537.36 (KHTML, like Gecko) Chrome/146.0.0.0 Safari/537.36','2026-04-07 11:12:20'),(345,'91099f99-8e06-43d2-9afe-a5e76de683dc','http','GET /api/portal/projects 304','{\"duration_ms\": 5}','GET','/api/portal/projects',304,5,1,'::1','Mozilla/5.0 (Windows NT 10.0; Win64; x64) AppleWebKit/537.36 (KHTML, like Gecko) Chrome/146.0.0.0 Safari/537.36','2026-04-07 11:12:20'),(346,'97e7443a-2b1e-4c27-86b3-2eeb45a266d8','http','GET /api/portal/stats 304','{\"duration_ms\": 11}','GET','/api/portal/stats',304,11,1,'::1','Mozilla/5.0 (Windows NT 10.0; Win64; x64) AppleWebKit/537.36 (KHTML, like Gecko) Chrome/146.0.0.0 Safari/537.36','2026-04-07 11:12:20'),(347,'ff35f536-62a8-4a42-a5af-d158c8fab31b','http','GET /api/portal/bootstrap 304','{\"duration_ms\": 12}','GET','/api/portal/bootstrap',304,12,1,'::1','Mozilla/5.0 (Windows NT 10.0; Win64; x64) AppleWebKit/537.36 (KHTML, like Gecko) Chrome/146.0.0.0 Safari/537.36','2026-04-07 11:12:20'),(348,'1e69ee02-bfd8-4f60-a852-653cf3dfd588','http','GET /api/portal/projects 304','{\"duration_ms\": 8}','GET','/api/portal/projects',304,8,1,'::1','Mozilla/5.0 (Windows NT 10.0; Win64; x64) AppleWebKit/537.36 (KHTML, like Gecko) Chrome/146.0.0.0 Safari/537.36','2026-04-07 11:12:20'),(349,'6dbd3ed0-ef4e-477f-b57f-e8af784dadf5','http','GET /api/portal/stats 304','{\"duration_ms\": 11}','GET','/api/portal/stats',304,11,1,'::1','Mozilla/5.0 (Windows NT 10.0; Win64; x64) AppleWebKit/537.36 (KHTML, like Gecko) Chrome/146.0.0.0 Safari/537.36','2026-04-07 11:12:20'),(350,'31857d98-d2b0-416e-b716-3368514193cc','http','GET /api/admin/stats 304','{\"duration_ms\": 9}','GET','/api/admin/stats',304,9,1,'::1','Mozilla/5.0 (Windows NT 10.0; Win64; x64) AppleWebKit/537.36 (KHTML, like Gecko) Chrome/146.0.0.0 Safari/537.36','2026-04-07 11:13:40'),(351,'2cd22255-8617-4fb5-ba3c-8aa137f587d4','http','GET /api/admin/stats 304','{\"duration_ms\": 6}','GET','/api/admin/stats',304,6,1,'::1','Mozilla/5.0 (Windows NT 10.0; Win64; x64) AppleWebKit/537.36 (KHTML, like Gecko) Chrome/146.0.0.0 Safari/537.36','2026-04-07 11:13:40'),(352,'c64a1e0e-f07a-4eb8-b954-9f2ce61e8df3','http','GET /api/admin/states 304','{\"duration_ms\": 7}','GET','/api/admin/states',304,7,1,'::1','Mozilla/5.0 (Windows NT 10.0; Win64; x64) AppleWebKit/537.36 (KHTML, like Gecko) Chrome/146.0.0.0 Safari/537.36','2026-04-07 11:13:43'),(353,'8648efe6-1d97-43f7-9ad0-c672bd057228','http','GET /api/admin/states 304','{\"duration_ms\": 3}','GET','/api/admin/states',304,3,1,'::1','Mozilla/5.0 (Windows NT 10.0; Win64; x64) AppleWebKit/537.36 (KHTML, like Gecko) Chrome/146.0.0.0 Safari/537.36','2026-04-07 11:13:43'),(354,'c522b090-71bc-4705-8684-d8eb5d4d655f','http','GET /api/admin/projects 304','{\"duration_ms\": 7}','GET','/api/admin/projects',304,7,1,'::1','Mozilla/5.0 (Windows NT 10.0; Win64; x64) AppleWebKit/537.36 (KHTML, like Gecko) Chrome/146.0.0.0 Safari/537.36','2026-04-07 11:13:43'),(355,'bdf7d9d6-a33e-4d5e-96ad-6bf870d01f32','http','GET /api/admin/projects 304','{\"duration_ms\": 7}','GET','/api/admin/projects',304,7,1,'::1','Mozilla/5.0 (Windows NT 10.0; Win64; x64) AppleWebKit/537.36 (KHTML, like Gecko) Chrome/146.0.0.0 Safari/537.36','2026-04-07 11:13:43'),(356,'14d46825-be0a-41f3-81cd-debc47909b78','http','PATCH /api/admin/projects/2/approval 200','{\"duration_ms\": 19}','PATCH','/api/admin/projects/2/approval',200,19,1,'::1','Mozilla/5.0 (Windows NT 10.0; Win64; x64) AppleWebKit/537.36 (KHTML, like Gecko) Chrome/146.0.0.0 Safari/537.36','2026-04-07 11:13:45'),(357,'b9b86676-9342-4fcf-9693-4eacef9da717','http','GET /api/admin/projects 200','{\"duration_ms\": 8}','GET','/api/admin/projects',200,8,1,'::1','Mozilla/5.0 (Windows NT 10.0; Win64; x64) AppleWebKit/537.36 (KHTML, like Gecko) Chrome/146.0.0.0 Safari/537.36','2026-04-07 11:13:45'),(358,'b76fd8a6-946b-42c2-a326-4cc14c912f21','http','GET /api/portal/bootstrap 304','{\"duration_ms\": 6}','GET','/api/portal/bootstrap',304,6,1,'::1','Mozilla/5.0 (Windows NT 10.0; Win64; x64) AppleWebKit/537.36 (KHTML, like Gecko) Chrome/146.0.0.0 Safari/537.36','2026-04-07 11:13:49'),(359,'8648819b-c763-41b1-ad9f-646a026ac12a','http','GET /api/portal/projects 200','{\"duration_ms\": 3}','GET','/api/portal/projects',200,3,1,'::1','Mozilla/5.0 (Windows NT 10.0; Win64; x64) AppleWebKit/537.36 (KHTML, like Gecko) Chrome/146.0.0.0 Safari/537.36','2026-04-07 11:13:49'),(360,'e7f7fced-c061-4713-8b52-4b8bed7a18de','http','GET /api/portal/stats 200','{\"duration_ms\": 15}','GET','/api/portal/stats',200,15,1,'::1','Mozilla/5.0 (Windows NT 10.0; Win64; x64) AppleWebKit/537.36 (KHTML, like Gecko) Chrome/146.0.0.0 Safari/537.36','2026-04-07 11:13:49'),(361,'b0fb9d4a-2760-43cf-9d7b-a992448eb907','http','GET /api/portal/bootstrap 304','{\"duration_ms\": 6}','GET','/api/portal/bootstrap',304,6,1,'::1','Mozilla/5.0 (Windows NT 10.0; Win64; x64) AppleWebKit/537.36 (KHTML, like Gecko) Chrome/146.0.0.0 Safari/537.36','2026-04-07 11:13:49'),(362,'3130b967-51f8-4b78-aa57-b6a7e430be76','http','GET /api/portal/projects 304','{\"duration_ms\": 6}','GET','/api/portal/projects',304,6,1,'::1','Mozilla/5.0 (Windows NT 10.0; Win64; x64) AppleWebKit/537.36 (KHTML, like Gecko) Chrome/146.0.0.0 Safari/537.36','2026-04-07 11:13:49'),(363,'8551a639-d0cc-4b90-a70c-3102d2bd1b5a','http','GET /api/portal/stats 304','{\"duration_ms\": 6}','GET','/api/portal/stats',304,6,1,'::1','Mozilla/5.0 (Windows NT 10.0; Win64; x64) AppleWebKit/537.36 (KHTML, like Gecko) Chrome/146.0.0.0 Safari/537.36','2026-04-07 11:13:49'),(364,'a24cd740-a209-40df-8dd0-05abc6ec38f3','http','GET /api/admin/stats 304','{\"duration_ms\": 7}','GET','/api/admin/stats',304,7,1,'::1','Mozilla/5.0 (Windows NT 10.0; Win64; x64) AppleWebKit/537.36 (KHTML, like Gecko) Chrome/146.0.0.0 Safari/537.36','2026-04-07 11:14:39'),(365,'b27d535f-04ff-454d-b709-faad38e97bfa','http','GET /api/admin/stats 304','{\"duration_ms\": 6}','GET','/api/admin/stats',304,6,1,'::1','Mozilla/5.0 (Windows NT 10.0; Win64; x64) AppleWebKit/537.36 (KHTML, like Gecko) Chrome/146.0.0.0 Safari/537.36','2026-04-07 11:14:39'),(366,'2830a125-6acc-472a-ab4c-18fa84efa3b3','http','GET /api/admin/states 304','{\"duration_ms\": 4}','GET','/api/admin/states',304,4,1,'::1','Mozilla/5.0 (Windows NT 10.0; Win64; x64) AppleWebKit/537.36 (KHTML, like Gecko) Chrome/146.0.0.0 Safari/537.36','2026-04-07 11:14:41'),(367,'a6f55d36-a16e-4d1c-b373-dda1d51deb6d','http','GET /api/admin/states 304','{\"duration_ms\": 5}','GET','/api/admin/states',304,5,1,'::1','Mozilla/5.0 (Windows NT 10.0; Win64; x64) AppleWebKit/537.36 (KHTML, like Gecko) Chrome/146.0.0.0 Safari/537.36','2026-04-07 11:14:41'),(368,'9705303f-545a-48d3-bc79-86f0f862176f','http','GET /api/admin/projects 304','{\"duration_ms\": 5}','GET','/api/admin/projects',304,5,1,'::1','Mozilla/5.0 (Windows NT 10.0; Win64; x64) AppleWebKit/537.36 (KHTML, like Gecko) Chrome/146.0.0.0 Safari/537.36','2026-04-07 11:14:41'),(369,'0865633b-be9d-4501-a3c6-b430d45600e1','http','GET /api/admin/projects 304','{\"duration_ms\": 7}','GET','/api/admin/projects',304,7,1,'::1','Mozilla/5.0 (Windows NT 10.0; Win64; x64) AppleWebKit/537.36 (KHTML, like Gecko) Chrome/146.0.0.0 Safari/537.36','2026-04-07 11:14:41'),(370,'e5bd4bcc-613a-4597-b4b7-8174f46b2de2','http','GET /api/admin/projects/1/photos 200','{\"duration_ms\": 13}','GET','/api/admin/projects/1/photos',200,13,1,'::1','Mozilla/5.0 (Windows NT 10.0; Win64; x64) AppleWebKit/537.36 (KHTML, like Gecko) Chrome/146.0.0.0 Safari/537.36','2026-04-07 11:14:43'),(371,'265a5fe4-059a-4ed4-8a44-bbd034c9e62b','http','GET /api/admin/projects/1/photos 304','{\"duration_ms\": 9}','GET','/api/admin/projects/1/photos',304,9,1,'::1','Mozilla/5.0 (Windows NT 10.0; Win64; x64) AppleWebKit/537.36 (KHTML, like Gecko) Chrome/146.0.0.0 Safari/537.36','2026-04-07 11:14:43'),(372,'f9ffa5c2-e860-4be0-a73b-7bf22620a6a1','http','GET /api/admin/users 200','{\"duration_ms\": 12}','GET','/api/admin/users',200,12,1,'::1','Mozilla/5.0 (Windows NT 10.0; Win64; x64) AppleWebKit/537.36 (KHTML, like Gecko) Chrome/146.0.0.0 Safari/537.36','2026-04-07 11:16:34'),(373,'cb3e9411-9466-46ed-b4fa-c53f9d5a7a66','http','GET /api/admin/roles 200','{\"duration_ms\": 14}','GET','/api/admin/roles',200,14,1,'::1','Mozilla/5.0 (Windows NT 10.0; Win64; x64) AppleWebKit/537.36 (KHTML, like Gecko) Chrome/146.0.0.0 Safari/537.36','2026-04-07 11:16:34'),(374,'c21d969b-023c-4b65-ba72-a50050a6606d','http','GET /api/admin/users 304','{\"duration_ms\": 6}','GET','/api/admin/users',304,6,1,'::1','Mozilla/5.0 (Windows NT 10.0; Win64; x64) AppleWebKit/537.36 (KHTML, like Gecko) Chrome/146.0.0.0 Safari/537.36','2026-04-07 11:16:34'),(375,'5a7ebecb-2f16-4343-b970-4c555426648a','http','GET /api/admin/roles 304','{\"duration_ms\": 5}','GET','/api/admin/roles',304,5,1,'::1','Mozilla/5.0 (Windows NT 10.0; Win64; x64) AppleWebKit/537.36 (KHTML, like Gecko) Chrome/146.0.0.0 Safari/537.36','2026-04-07 11:16:34'),(376,'0f30a72e-a236-49a9-940a-a90cd8e17381','http','GET /api/admin/roles 304','{\"duration_ms\": 10}','GET','/api/admin/roles',304,10,1,'::1','Mozilla/5.0 (Windows NT 10.0; Win64; x64) AppleWebKit/537.36 (KHTML, like Gecko) Chrome/146.0.0.0 Safari/537.36','2026-04-07 11:16:37'),(377,'4e0d1554-3bd5-441b-8451-aaddf33a1b60','http','GET /api/admin/roles/permissions 200','{\"duration_ms\": 9}','GET','/api/admin/roles/permissions',200,9,1,'::1','Mozilla/5.0 (Windows NT 10.0; Win64; x64) AppleWebKit/537.36 (KHTML, like Gecko) Chrome/146.0.0.0 Safari/537.36','2026-04-07 11:16:37'),(378,'c5df9cbf-ef31-483d-a1c2-fa9ce63087da','http','GET /api/admin/roles 304','{\"duration_ms\": 4}','GET','/api/admin/roles',304,4,1,'::1','Mozilla/5.0 (Windows NT 10.0; Win64; x64) AppleWebKit/537.36 (KHTML, like Gecko) Chrome/146.0.0.0 Safari/537.36','2026-04-07 11:16:37'),(379,'f68ef55e-92ef-4e43-89d8-df6f8fcb91f8','http','GET /api/admin/roles/permissions 304','{\"duration_ms\": 2}','GET','/api/admin/roles/permissions',304,2,1,'::1','Mozilla/5.0 (Windows NT 10.0; Win64; x64) AppleWebKit/537.36 (KHTML, like Gecko) Chrome/146.0.0.0 Safari/537.36','2026-04-07 11:16:37'),(380,'57499cf8-4cda-4a34-aae9-fd47610c5d73','http','GET /api/admin/menus 200','{\"duration_ms\": 22}','GET','/api/admin/menus',200,22,1,'::1','Mozilla/5.0 (Windows NT 10.0; Win64; x64) AppleWebKit/537.36 (KHTML, like Gecko) Chrome/146.0.0.0 Safari/537.36','2026-04-07 11:16:37'),(381,'0be4c985-0fc2-4d0a-8566-c74be49646e1','http','GET /api/admin/menus 304','{\"duration_ms\": 4}','GET','/api/admin/menus',304,4,1,'::1','Mozilla/5.0 (Windows NT 10.0; Win64; x64) AppleWebKit/537.36 (KHTML, like Gecko) Chrome/146.0.0.0 Safari/537.36','2026-04-07 11:16:37'),(382,'1e3473f0-9a0b-45f1-88a5-9382677446ea','http','GET /api/admin/roles/2 200','{\"duration_ms\": 14}','GET','/api/admin/roles/2',200,14,1,'::1','Mozilla/5.0 (Windows NT 10.0; Win64; x64) AppleWebKit/537.36 (KHTML, like Gecko) Chrome/146.0.0.0 Safari/537.36','2026-04-07 11:16:50'),(383,'153e27a3-59de-4c96-9036-ee40d7e5474f','http','GET /api/admin/roles/2/menu-access 200','{\"duration_ms\": 13}','GET','/api/admin/roles/2/menu-access',200,13,1,'::1','Mozilla/5.0 (Windows NT 10.0; Win64; x64) AppleWebKit/537.36 (KHTML, like Gecko) Chrome/146.0.0.0 Safari/537.36','2026-04-07 11:16:50'),(384,'f97d19e2-5369-45d8-8223-86a117bb8b58','http','GET /api/admin/roles/3 200','{\"duration_ms\": 9}','GET','/api/admin/roles/3',200,9,1,'::1','Mozilla/5.0 (Windows NT 10.0; Win64; x64) AppleWebKit/537.36 (KHTML, like Gecko) Chrome/146.0.0.0 Safari/537.36','2026-04-07 11:16:58'),(385,'e090c7b9-3f22-4c7c-824b-69c843f4f9b9','http','GET /api/admin/roles/3/menu-access 200','{\"duration_ms\": 10}','GET','/api/admin/roles/3/menu-access',200,10,1,'::1','Mozilla/5.0 (Windows NT 10.0; Win64; x64) AppleWebKit/537.36 (KHTML, like Gecko) Chrome/146.0.0.0 Safari/537.36','2026-04-07 11:16:58'),(386,'2287b4c1-fdc2-4247-a756-a38970d461a5','http','PUT /api/admin/roles/3/menu-access 200','{\"duration_ms\": 30}','PUT','/api/admin/roles/3/menu-access',200,30,1,'::1','Mozilla/5.0 (Windows NT 10.0; Win64; x64) AppleWebKit/537.36 (KHTML, like Gecko) Chrome/146.0.0.0 Safari/537.36','2026-04-07 11:17:33'),(387,'ce4abe2c-0ccf-41a1-ace4-f92e9f6fc414','http','GET /api/admin/roles/permissions 304','{\"duration_ms\": 4}','GET','/api/admin/roles/permissions',304,4,1,'::1','Mozilla/5.0 (Windows NT 10.0; Win64; x64) AppleWebKit/537.36 (KHTML, like Gecko) Chrome/146.0.0.0 Safari/537.36','2026-04-07 11:17:33'),(388,'af332387-4ba9-4288-b3a0-dbbb42052847','http','GET /api/admin/roles 304','{\"duration_ms\": 8}','GET','/api/admin/roles',304,8,1,'::1','Mozilla/5.0 (Windows NT 10.0; Win64; x64) AppleWebKit/537.36 (KHTML, like Gecko) Chrome/146.0.0.0 Safari/537.36','2026-04-07 11:17:33'),(389,'7077bf1f-60b9-4e10-81db-095056f4e939','http','PUT /api/admin/roles/3/menu-access 200','{\"duration_ms\": 23}','PUT','/api/admin/roles/3/menu-access',200,23,1,'::1','Mozilla/5.0 (Windows NT 10.0; Win64; x64) AppleWebKit/537.36 (KHTML, like Gecko) Chrome/146.0.0.0 Safari/537.36','2026-04-07 11:17:39'),(390,'c2c29304-7a49-4974-b1c3-d9a4ec8fc47d','http','GET /api/admin/roles 304','{\"duration_ms\": 11}','GET','/api/admin/roles',304,11,1,'::1','Mozilla/5.0 (Windows NT 10.0; Win64; x64) AppleWebKit/537.36 (KHTML, like Gecko) Chrome/146.0.0.0 Safari/537.36','2026-04-07 11:17:39'),(391,'1d88834a-653c-44b9-ad76-1167d9444c33','http','GET /api/admin/roles/permissions 304','{\"duration_ms\": 8}','GET','/api/admin/roles/permissions',304,8,1,'::1','Mozilla/5.0 (Windows NT 10.0; Win64; x64) AppleWebKit/537.36 (KHTML, like Gecko) Chrome/146.0.0.0 Safari/537.36','2026-04-07 11:17:39'),(392,'071245d0-1d4c-4d48-b068-378ddf323719','http','PUT /api/admin/roles/3/menu-access 200','{\"duration_ms\": 22}','PUT','/api/admin/roles/3/menu-access',200,22,1,'::1','Mozilla/5.0 (Windows NT 10.0; Win64; x64) AppleWebKit/537.36 (KHTML, like Gecko) Chrome/146.0.0.0 Safari/537.36','2026-04-07 11:17:41'),(393,'f8a0116d-7e9a-4d61-aa4a-06e551327fa1','http','GET /api/admin/roles/permissions 304','{\"duration_ms\": 6}','GET','/api/admin/roles/permissions',304,6,1,'::1','Mozilla/5.0 (Windows NT 10.0; Win64; x64) AppleWebKit/537.36 (KHTML, like Gecko) Chrome/146.0.0.0 Safari/537.36','2026-04-07 11:17:41'),(394,'8d54afb4-26b4-4a9e-8beb-289d0a3e2cc0','http','GET /api/admin/roles 304','{\"duration_ms\": 4}','GET','/api/admin/roles',304,4,1,'::1','Mozilla/5.0 (Windows NT 10.0; Win64; x64) AppleWebKit/537.36 (KHTML, like Gecko) Chrome/146.0.0.0 Safari/537.36','2026-04-07 11:17:41'),(395,'19b51252-ea1b-4dae-b8d6-5f4a2e1b0858','http','PUT /api/admin/roles/3/permissions 200','{\"duration_ms\": 32}','PUT','/api/admin/roles/3/permissions',200,32,1,'::1','Mozilla/5.0 (Windows NT 10.0; Win64; x64) AppleWebKit/537.36 (KHTML, like Gecko) Chrome/146.0.0.0 Safari/537.36','2026-04-07 11:17:43'),(396,'39c19075-3596-40cf-b962-82cf3ad53e87','http','GET /api/admin/roles 304','{\"duration_ms\": 7}','GET','/api/admin/roles',304,7,1,'::1','Mozilla/5.0 (Windows NT 10.0; Win64; x64) AppleWebKit/537.36 (KHTML, like Gecko) Chrome/146.0.0.0 Safari/537.36','2026-04-07 11:17:43'),(397,'bff749b5-2458-41b5-ab72-33737b34c098','http','GET /api/admin/roles/permissions 304','{\"duration_ms\": 7}','GET','/api/admin/roles/permissions',304,7,1,'::1','Mozilla/5.0 (Windows NT 10.0; Win64; x64) AppleWebKit/537.36 (KHTML, like Gecko) Chrome/146.0.0.0 Safari/537.36','2026-04-07 11:17:43'),(398,'968aa962-50d8-4ee6-887c-147e72745948','http','GET /api/admin/users 304','{\"duration_ms\": 6}','GET','/api/admin/users',304,6,1,'::1','Mozilla/5.0 (Windows NT 10.0; Win64; x64) AppleWebKit/537.36 (KHTML, like Gecko) Chrome/146.0.0.0 Safari/537.36','2026-04-07 11:17:54'),(399,'2a9ccf82-7724-49c9-8855-efb18e2eee20','http','GET /api/admin/roles 304','{\"duration_ms\": 4}','GET','/api/admin/roles',304,4,1,'::1','Mozilla/5.0 (Windows NT 10.0; Win64; x64) AppleWebKit/537.36 (KHTML, like Gecko) Chrome/146.0.0.0 Safari/537.36','2026-04-07 11:17:54'),(400,'99a5f54e-ddb1-4302-9e02-24f1a23c48a4','http','GET /api/admin/users 304','{\"duration_ms\": 4}','GET','/api/admin/users',304,4,1,'::1','Mozilla/5.0 (Windows NT 10.0; Win64; x64) AppleWebKit/537.36 (KHTML, like Gecko) Chrome/146.0.0.0 Safari/537.36','2026-04-07 11:17:54'),(401,'c429c01e-18a8-47ee-942a-ed1ca6bc8e15','http','GET /api/admin/roles 304','{\"duration_ms\": 4}','GET','/api/admin/roles',304,4,1,'::1','Mozilla/5.0 (Windows NT 10.0; Win64; x64) AppleWebKit/537.36 (KHTML, like Gecko) Chrome/146.0.0.0 Safari/537.36','2026-04-07 11:17:54'),(402,'83afdc37-7632-4bfb-b460-e3a053a0efa3','http','GET /api/admin/roles 304','{\"duration_ms\": 10}','GET','/api/admin/roles',304,10,1,'::1','Mozilla/5.0 (Windows NT 10.0; Win64; x64) AppleWebKit/537.36 (KHTML, like Gecko) Chrome/146.0.0.0 Safari/537.36','2026-04-07 11:17:59'),(403,'7c3b33ec-8673-4dc8-bee1-820ae400de93','http','GET /api/admin/roles/permissions 304','{\"duration_ms\": 8}','GET','/api/admin/roles/permissions',304,8,1,'::1','Mozilla/5.0 (Windows NT 10.0; Win64; x64) AppleWebKit/537.36 (KHTML, like Gecko) Chrome/146.0.0.0 Safari/537.36','2026-04-07 11:17:59'),(404,'9793d5c7-f985-49f3-a455-49c0ceae153e','http','GET /api/admin/menus 200','{\"duration_ms\": 17}','GET','/api/admin/menus',200,17,1,'::1','Mozilla/5.0 (Windows NT 10.0; Win64; x64) AppleWebKit/537.36 (KHTML, like Gecko) Chrome/146.0.0.0 Safari/537.36','2026-04-07 11:17:59'),(405,'f3382b88-1ea6-450e-bf88-a5f7ea8895a4','http','GET /api/admin/roles/permissions 304','{\"duration_ms\": 3}','GET','/api/admin/roles/permissions',304,3,1,'::1','Mozilla/5.0 (Windows NT 10.0; Win64; x64) AppleWebKit/537.36 (KHTML, like Gecko) Chrome/146.0.0.0 Safari/537.36','2026-04-07 11:17:59'),(406,'3c1866a5-ddd5-433b-9245-7fc1b0769b65','http','GET /api/admin/roles 304','{\"duration_ms\": 11}','GET','/api/admin/roles',304,11,1,'::1','Mozilla/5.0 (Windows NT 10.0; Win64; x64) AppleWebKit/537.36 (KHTML, like Gecko) Chrome/146.0.0.0 Safari/537.36','2026-04-07 11:17:59'),(407,'92a6cc23-a49a-4bea-8e56-19d91f4c43e2','http','GET /api/admin/menus 304','{\"duration_ms\": 12}','GET','/api/admin/menus',304,12,1,'::1','Mozilla/5.0 (Windows NT 10.0; Win64; x64) AppleWebKit/537.36 (KHTML, like Gecko) Chrome/146.0.0.0 Safari/537.36','2026-04-07 11:17:59'),(408,'c429b426-01bb-46f9-bec3-3573571ef8af','http','GET /api/admin/roles/3 200','{\"duration_ms\": 6}','GET','/api/admin/roles/3',200,6,1,'::1','Mozilla/5.0 (Windows NT 10.0; Win64; x64) AppleWebKit/537.36 (KHTML, like Gecko) Chrome/146.0.0.0 Safari/537.36','2026-04-07 11:18:03'),(409,'ae154965-b01b-46b9-a3ce-936908db555e','http','GET /api/admin/roles/3/menu-access 200','{\"duration_ms\": 3}','GET','/api/admin/roles/3/menu-access',200,3,1,'::1','Mozilla/5.0 (Windows NT 10.0; Win64; x64) AppleWebKit/537.36 (KHTML, like Gecko) Chrome/146.0.0.0 Safari/537.36','2026-04-07 11:18:03'),(410,'b0b4d822-e752-4b59-bb24-7a2945efe260','http','GET /api/admin/settings 304','{\"duration_ms\": 7}','GET','/api/admin/settings',304,7,1,'::1','Mozilla/5.0 (Windows NT 10.0; Win64; x64) AppleWebKit/537.36 (KHTML, like Gecko) Chrome/146.0.0.0 Safari/537.36','2026-04-07 11:18:25'),(411,'00a1e5aa-2fdf-49b0-b9cf-d296fcd9c1db','http','GET /api/admin/settings 304','{\"duration_ms\": 3}','GET','/api/admin/settings',304,3,1,'::1','Mozilla/5.0 (Windows NT 10.0; Win64; x64) AppleWebKit/537.36 (KHTML, like Gecko) Chrome/146.0.0.0 Safari/537.36','2026-04-07 11:18:25'),(412,'49416fb8-a364-460e-b7a7-98eb6c4ef662','http','GET /api/admin/settings 304','{\"duration_ms\": 5}','GET','/api/admin/settings',304,5,1,'::1','Mozilla/5.0 (Windows NT 10.0; Win64; x64) AppleWebKit/537.36 (KHTML, like Gecko) Chrome/146.0.0.0 Safari/537.36','2026-04-07 11:18:27'),(413,'b60e341e-238e-41c5-b3a6-7c19cbd34293','http','GET /api/admin/settings 304','{\"duration_ms\": 3}','GET','/api/admin/settings',304,3,1,'::1','Mozilla/5.0 (Windows NT 10.0; Win64; x64) AppleWebKit/537.36 (KHTML, like Gecko) Chrome/146.0.0.0 Safari/537.36','2026-04-07 11:18:27'),(414,'4f159037-26b6-4cdb-984d-7fb4e4dc51b7','http','GET /api/admin/menus 304','{\"duration_ms\": 7}','GET','/api/admin/menus',304,7,1,'::1','Mozilla/5.0 (Windows NT 10.0; Win64; x64) AppleWebKit/537.36 (KHTML, like Gecko) Chrome/146.0.0.0 Safari/537.36','2026-04-07 11:18:29'),(415,'082a93c2-aed1-4c4e-8d98-f4b97a99c041','http','GET /api/admin/menus 304','{\"duration_ms\": 7}','GET','/api/admin/menus',304,7,1,'::1','Mozilla/5.0 (Windows NT 10.0; Win64; x64) AppleWebKit/537.36 (KHTML, like Gecko) Chrome/146.0.0.0 Safari/537.36','2026-04-07 11:18:29'),(416,'dc144777-2ec0-44e4-9017-8fadd1dc008f','http','GET /api/admin/pages 200','{\"duration_ms\": 7}','GET','/api/admin/pages',200,7,1,'::1','Mozilla/5.0 (Windows NT 10.0; Win64; x64) AppleWebKit/537.36 (KHTML, like Gecko) Chrome/146.0.0.0 Safari/537.36','2026-04-07 11:18:43'),(417,'01449310-9864-4b46-8cde-c3350d7b0412','http','GET /api/admin/pages 304','{\"duration_ms\": 6}','GET','/api/admin/pages',304,6,1,'::1','Mozilla/5.0 (Windows NT 10.0; Win64; x64) AppleWebKit/537.36 (KHTML, like Gecko) Chrome/146.0.0.0 Safari/537.36','2026-04-07 11:18:44'),(418,'eff778aa-0360-4355-97b6-a2005837eb75','http','GET /api/admin/menus 304','{\"duration_ms\": 9}','GET','/api/admin/menus',304,9,1,'::1','Mozilla/5.0 (Windows NT 10.0; Win64; x64) AppleWebKit/537.36 (KHTML, like Gecko) Chrome/146.0.0.0 Safari/537.36','2026-04-07 11:18:45'),(419,'bbae0c10-3645-4c03-8032-1b0b146a7d34','http','GET /api/admin/menus 304','{\"duration_ms\": 17}','GET','/api/admin/menus',304,17,1,'::1','Mozilla/5.0 (Windows NT 10.0; Win64; x64) AppleWebKit/537.36 (KHTML, like Gecko) Chrome/146.0.0.0 Safari/537.36','2026-04-07 11:18:45'),(420,'7acdadc4-acc0-41d3-9cd4-c537ffc758a4','http','GET /api/admin/users 304','{\"duration_ms\": 9}','GET','/api/admin/users',304,9,1,'::1','Mozilla/5.0 (Windows NT 10.0; Win64; x64) AppleWebKit/537.36 (KHTML, like Gecko) Chrome/146.0.0.0 Safari/537.36','2026-04-07 11:20:04'),(421,'ed5bb597-e8f9-4aef-b390-e46b68ca4a95','http','GET /api/admin/roles 304','{\"duration_ms\": 9}','GET','/api/admin/roles',304,9,1,'::1','Mozilla/5.0 (Windows NT 10.0; Win64; x64) AppleWebKit/537.36 (KHTML, like Gecko) Chrome/146.0.0.0 Safari/537.36','2026-04-07 11:20:04'),(422,'ba7f59c5-436b-4c10-afab-7c67b0c28945','http','GET /api/admin/users 304','{\"duration_ms\": 5}','GET','/api/admin/users',304,5,1,'::1','Mozilla/5.0 (Windows NT 10.0; Win64; x64) AppleWebKit/537.36 (KHTML, like Gecko) Chrome/146.0.0.0 Safari/537.36','2026-04-07 11:20:04'),(423,'b353b44f-f437-4bc5-acfb-51f5d8cb71b7','http','GET /api/admin/roles 304','{\"duration_ms\": 6}','GET','/api/admin/roles',304,6,1,'::1','Mozilla/5.0 (Windows NT 10.0; Win64; x64) AppleWebKit/537.36 (KHTML, like Gecko) Chrome/146.0.0.0 Safari/537.36','2026-04-07 11:20:04'),(424,'bb667446-5d78-4f5f-bce5-984fa1b45857','http','GET /api/admin/roles 304','{\"duration_ms\": 7}','GET','/api/admin/roles',304,7,1,'::1','Mozilla/5.0 (Windows NT 10.0; Win64; x64) AppleWebKit/537.36 (KHTML, like Gecko) Chrome/146.0.0.0 Safari/537.36','2026-04-07 11:20:08'),(425,'eec36264-3a28-41ca-96e6-753cee9bcb40','http','GET /api/admin/roles/permissions 304','{\"duration_ms\": 14}','GET','/api/admin/roles/permissions',304,14,1,'::1','Mozilla/5.0 (Windows NT 10.0; Win64; x64) AppleWebKit/537.36 (KHTML, like Gecko) Chrome/146.0.0.0 Safari/537.36','2026-04-07 11:20:08'),(426,'58563899-56a0-44d4-a242-b32cf4e5afb4','http','GET /api/admin/roles 304','{\"duration_ms\": 6}','GET','/api/admin/roles',304,6,1,'::1','Mozilla/5.0 (Windows NT 10.0; Win64; x64) AppleWebKit/537.36 (KHTML, like Gecko) Chrome/146.0.0.0 Safari/537.36','2026-04-07 11:20:08'),(427,'b9417529-9c99-4573-80e1-f980e12628b3','http','GET /api/admin/menus 304','{\"duration_ms\": 17}','GET','/api/admin/menus',304,17,1,'::1','Mozilla/5.0 (Windows NT 10.0; Win64; x64) AppleWebKit/537.36 (KHTML, like Gecko) Chrome/146.0.0.0 Safari/537.36','2026-04-07 11:20:08'),(428,'a61530f5-8f3c-40e8-8e10-e1b251958863','http','GET /api/admin/roles/permissions 304','{\"duration_ms\": 5}','GET','/api/admin/roles/permissions',304,5,1,'::1','Mozilla/5.0 (Windows NT 10.0; Win64; x64) AppleWebKit/537.36 (KHTML, like Gecko) Chrome/146.0.0.0 Safari/537.36','2026-04-07 11:20:08'),(429,'96f555e0-6bca-4fa6-8a80-1a3e9e33705e','http','GET /api/admin/menus 304','{\"duration_ms\": 6}','GET','/api/admin/menus',304,6,1,'::1','Mozilla/5.0 (Windows NT 10.0; Win64; x64) AppleWebKit/537.36 (KHTML, like Gecko) Chrome/146.0.0.0 Safari/537.36','2026-04-07 11:20:08'),(430,'b9a6c217-1fcb-4b0c-a728-77ea75f19131','http','POST /api/auth/refresh 200','{\"duration_ms\": 18}','POST','/api/auth/refresh',200,18,NULL,'::1','Mozilla/5.0 (Windows NT 10.0; Win64; x64) AppleWebKit/537.36 (KHTML, like Gecko) Chrome/146.0.0.0 Safari/537.36','2026-04-07 11:23:10'),(431,'5fb16283-31e8-46c0-830d-b5e3ec6a44b0','http','POST /api/auth/refresh 200','{\"duration_ms\": 16}','POST','/api/auth/refresh',200,16,NULL,'::1','Mozilla/5.0 (Windows NT 10.0; Win64; x64) AppleWebKit/537.36 (KHTML, like Gecko) Chrome/146.0.0.0 Safari/537.36','2026-04-07 11:23:10'),(432,'769e54bb-2545-45c9-b981-f45eaae77822','http','GET /api/admin/states 304','{\"duration_ms\": 5}','GET','/api/admin/states',304,5,1,'::1','Mozilla/5.0 (Windows NT 10.0; Win64; x64) AppleWebKit/537.36 (KHTML, like Gecko) Chrome/146.0.0.0 Safari/537.36','2026-04-07 11:23:11'),(433,'152314a3-441e-4842-ba0b-858348490ada','http','GET /api/admin/roles 304','{\"duration_ms\": 7}','GET','/api/admin/roles',304,7,1,'::1','Mozilla/5.0 (Windows NT 10.0; Win64; x64) AppleWebKit/537.36 (KHTML, like Gecko) Chrome/146.0.0.0 Safari/537.36','2026-04-07 11:23:11'),(434,'4f4efb66-0c2c-46c1-a7bc-5f5fb9f175a5','http','GET /api/admin/roles/permissions 304','{\"duration_ms\": 11}','GET','/api/admin/roles/permissions',304,11,1,'::1','Mozilla/5.0 (Windows NT 10.0; Win64; x64) AppleWebKit/537.36 (KHTML, like Gecko) Chrome/146.0.0.0 Safari/537.36','2026-04-07 11:23:11'),(435,'4c8835ba-d829-44fa-9065-3981d279165f','http','GET /api/admin/states 304','{\"duration_ms\": 5}','GET','/api/admin/states',304,5,1,'::1','Mozilla/5.0 (Windows NT 10.0; Win64; x64) AppleWebKit/537.36 (KHTML, like Gecko) Chrome/146.0.0.0 Safari/537.36','2026-04-07 11:23:11'),(436,'982740b7-e6f6-4c40-bab0-71c73fda2166','http','GET /api/admin/roles 304','{\"duration_ms\": 4}','GET','/api/admin/roles',304,4,1,'::1','Mozilla/5.0 (Windows NT 10.0; Win64; x64) AppleWebKit/537.36 (KHTML, like Gecko) Chrome/146.0.0.0 Safari/537.36','2026-04-07 11:23:11'),(437,'90d1c923-c37c-4d2b-aa5c-f1afee4a7957','http','GET /api/admin/menus 200','{\"duration_ms\": 19}','GET','/api/admin/menus',200,19,1,'::1','Mozilla/5.0 (Windows NT 10.0; Win64; x64) AppleWebKit/537.36 (KHTML, like Gecko) Chrome/146.0.0.0 Safari/537.36','2026-04-07 11:23:11'),(438,'b2592772-15b8-4def-a429-0a9c458a7194','http','GET /api/admin/projects 304','{\"duration_ms\": 7}','GET','/api/admin/projects',304,7,1,'::1','Mozilla/5.0 (Windows NT 10.0; Win64; x64) AppleWebKit/537.36 (KHTML, like Gecko) Chrome/146.0.0.0 Safari/537.36','2026-04-07 11:23:11'),(439,'5d60e68f-6d8c-43dd-8584-7501d07c044d','http','GET /api/admin/roles/permissions 304','{\"duration_ms\": 6}','GET','/api/admin/roles/permissions',304,6,1,'::1','Mozilla/5.0 (Windows NT 10.0; Win64; x64) AppleWebKit/537.36 (KHTML, like Gecko) Chrome/146.0.0.0 Safari/537.36','2026-04-07 11:23:11'),(440,'33d91395-cb2b-4e55-aad4-6d8ff1f934d9','http','GET /api/admin/projects 304','{\"duration_ms\": 4}','GET','/api/admin/projects',304,4,1,'::1','Mozilla/5.0 (Windows NT 10.0; Win64; x64) AppleWebKit/537.36 (KHTML, like Gecko) Chrome/146.0.0.0 Safari/537.36','2026-04-07 11:23:11'),(441,'c7dd5605-d4b5-40f6-bbe8-290ca73b6171','http','GET /api/admin/menus 304','{\"duration_ms\": 10}','GET','/api/admin/menus',304,10,1,'::1','Mozilla/5.0 (Windows NT 10.0; Win64; x64) AppleWebKit/537.36 (KHTML, like Gecko) Chrome/146.0.0.0 Safari/537.36','2026-04-07 11:23:11'),(442,'3320c067-0f9a-4ce4-b270-537bb77c4677','http','POST /api/auth/refresh 200','{\"duration_ms\": 9}','POST','/api/auth/refresh',200,9,NULL,'::1','Mozilla/5.0 (Windows NT 10.0; Win64; x64) AppleWebKit/537.36 (KHTML, like Gecko) Chrome/146.0.0.0 Safari/537.36','2026-04-07 11:27:09'),(443,'2e40e6fc-457b-422a-b575-fe90c7ceda75','http','GET /api/admin/roles 304','{\"duration_ms\": 6}','GET','/api/admin/roles',304,6,1,'::1','Mozilla/5.0 (Windows NT 10.0; Win64; x64) AppleWebKit/537.36 (KHTML, like Gecko) Chrome/146.0.0.0 Safari/537.36','2026-04-07 11:27:09'),(444,'f4aeeeb4-ab22-4756-98ad-361d66efb03a','http','GET /api/admin/roles/permissions 304','{\"duration_ms\": 6}','GET','/api/admin/roles/permissions',304,6,1,'::1','Mozilla/5.0 (Windows NT 10.0; Win64; x64) AppleWebKit/537.36 (KHTML, like Gecko) Chrome/146.0.0.0 Safari/537.36','2026-04-07 11:27:09'),(445,'b5f0020b-93bc-4ff0-ae8c-d745bb535cbb','http','GET /api/admin/menus 200','{\"duration_ms\": 7}','GET','/api/admin/menus',200,7,1,'::1','Mozilla/5.0 (Windows NT 10.0; Win64; x64) AppleWebKit/537.36 (KHTML, like Gecko) Chrome/146.0.0.0 Safari/537.36','2026-04-07 11:27:09'),(446,'055f2c58-b879-41d6-857f-3dd997a7fcd5','http','GET /api/admin/roles 304','{\"duration_ms\": 3}','GET','/api/admin/roles',304,3,1,'::1','Mozilla/5.0 (Windows NT 10.0; Win64; x64) AppleWebKit/537.36 (KHTML, like Gecko) Chrome/146.0.0.0 Safari/537.36','2026-04-07 11:27:09'),(447,'4f07dcb0-8834-448e-9315-51112c2d5673','http','GET /api/admin/roles/permissions 304','{\"duration_ms\": 4}','GET','/api/admin/roles/permissions',304,4,1,'::1','Mozilla/5.0 (Windows NT 10.0; Win64; x64) AppleWebKit/537.36 (KHTML, like Gecko) Chrome/146.0.0.0 Safari/537.36','2026-04-07 11:27:09'),(448,'89143b71-4984-4667-b04c-0172236eeb5e','http','GET /api/admin/menus 304','{\"duration_ms\": 6}','GET','/api/admin/menus',304,6,1,'::1','Mozilla/5.0 (Windows NT 10.0; Win64; x64) AppleWebKit/537.36 (KHTML, like Gecko) Chrome/146.0.0.0 Safari/537.36','2026-04-07 11:27:09'),(449,'665ac059-7d26-48fc-bb08-827799932552','http','GET /api/admin/application-logs 404','{\"duration_ms\": 1}','GET','/api/admin/application-logs?page=1&pageSize=20',404,1,NULL,'::1','Mozilla/5.0 (Windows NT 10.0; Win64; x64) AppleWebKit/537.36 (KHTML, like Gecko) Chrome/146.0.0.0 Safari/537.36','2026-04-07 11:27:11'),(450,'3d495b75-0964-47ba-895f-a07a520f8993','http','GET /api/admin/application-logs 404','{\"duration_ms\": 1}','GET','/api/admin/application-logs?page=1&pageSize=20',404,1,NULL,'::1','Mozilla/5.0 (Windows NT 10.0; Win64; x64) AppleWebKit/537.36 (KHTML, like Gecko) Chrome/146.0.0.0 Safari/537.36','2026-04-07 11:27:11'),(451,'8c6798da-e9cc-4889-b00a-602b2c1827ae','http','GET /api/admin/application-logs 404','{\"duration_ms\": 1}','GET','/api/admin/application-logs?page=1&pageSize=20',404,1,NULL,'::1','Mozilla/5.0 (Windows NT 10.0; Win64; x64) AppleWebKit/537.36 (KHTML, like Gecko) Chrome/146.0.0.0 Safari/537.36','2026-04-07 11:28:54'),(452,'14a21b62-58f9-4562-8eb0-87557f0615c9','http','GET /api/admin/application-logs 404','{\"duration_ms\": 0}','GET','/api/admin/application-logs?page=1&pageSize=20',404,0,NULL,'::1','Mozilla/5.0 (Windows NT 10.0; Win64; x64) AppleWebKit/537.36 (KHTML, like Gecko) Chrome/146.0.0.0 Safari/537.36','2026-04-07 11:29:00'),(453,'a5898493-143e-4c0f-b5c3-36d98fbae026','http','GET /api/admin/application-logs 404','{\"duration_ms\": 1}','GET','/api/admin/application-logs?page=1&pageSize=20',404,1,NULL,'::1','Mozilla/5.0 (Windows NT 10.0; Win64; x64) AppleWebKit/537.36 (KHTML, like Gecko) Chrome/146.0.0.0 Safari/537.36','2026-04-07 11:29:02'),(454,'b9b1be1e-8017-42d4-8124-924a49181442','http','GET /api/admin/settings 304','{\"duration_ms\": 7}','GET','/api/admin/settings',304,7,1,'::1','Mozilla/5.0 (Windows NT 10.0; Win64; x64) AppleWebKit/537.36 (KHTML, like Gecko) Chrome/146.0.0.0 Safari/537.36','2026-04-07 11:30:13'),(455,'a5b6318e-b3d7-4488-9c72-587b317a90bc','http','GET /api/admin/settings 304','{\"duration_ms\": 5}','GET','/api/admin/settings',304,5,1,'::1','Mozilla/5.0 (Windows NT 10.0; Win64; x64) AppleWebKit/537.36 (KHTML, like Gecko) Chrome/146.0.0.0 Safari/537.36','2026-04-07 11:30:13'),(456,'06d04464-7571-4f60-916a-95da7e69f6d7','http','POST /api/auth/refresh 200','{\"duration_ms\": 12}','POST','/api/auth/refresh',200,12,NULL,'::1','Mozilla/5.0 (Windows NT 10.0; Win64; x64) AppleWebKit/537.36 (KHTML, like Gecko) Chrome/146.0.0.0 Safari/537.36','2026-04-07 11:31:05'),(457,'f8489822-d17a-4a17-904c-23aeeee0fd42','http','GET /api/portal/bootstrap 304','{\"duration_ms\": 7}','GET','/api/portal/bootstrap',304,7,1,'::1','Mozilla/5.0 (Windows NT 10.0; Win64; x64) AppleWebKit/537.36 (KHTML, like Gecko) Chrome/146.0.0.0 Safari/537.36','2026-04-07 11:31:06'),(458,'9abe8ebf-8b8e-4ca9-a018-eb44c61d174a','http','GET /api/portal/projects 304','{\"duration_ms\": 6}','GET','/api/portal/projects',304,6,1,'::1','Mozilla/5.0 (Windows NT 10.0; Win64; x64) AppleWebKit/537.36 (KHTML, like Gecko) Chrome/146.0.0.0 Safari/537.36','2026-04-07 11:31:06'),(459,'c3b8b513-7760-4bc7-b600-ba10622d386c','http','GET /api/portal/bootstrap 304','{\"duration_ms\": 5}','GET','/api/portal/bootstrap',304,5,1,'::1','Mozilla/5.0 (Windows NT 10.0; Win64; x64) AppleWebKit/537.36 (KHTML, like Gecko) Chrome/146.0.0.0 Safari/537.36','2026-04-07 11:31:06'),(460,'071d0310-989b-49f0-8f16-b15d0866628d','http','GET /api/portal/stats 304','{\"duration_ms\": 19}','GET','/api/portal/stats',304,19,1,'::1','Mozilla/5.0 (Windows NT 10.0; Win64; x64) AppleWebKit/537.36 (KHTML, like Gecko) Chrome/146.0.0.0 Safari/537.36','2026-04-07 11:31:06'),(461,'4f625014-d9a3-4023-b0ec-d8cd83f21103','http','GET /api/portal/projects 304','{\"duration_ms\": 6}','GET','/api/portal/projects',304,6,1,'::1','Mozilla/5.0 (Windows NT 10.0; Win64; x64) AppleWebKit/537.36 (KHTML, like Gecko) Chrome/146.0.0.0 Safari/537.36','2026-04-07 11:31:06'),(462,'e805933c-843e-4ed3-b068-2405198e1527','http','GET /api/portal/stats 304','{\"duration_ms\": 9}','GET','/api/portal/stats',304,9,1,'::1','Mozilla/5.0 (Windows NT 10.0; Win64; x64) AppleWebKit/537.36 (KHTML, like Gecko) Chrome/146.0.0.0 Safari/537.36','2026-04-07 11:31:06'),(463,'efc4870f-820c-44ac-a96d-ac5387ab57c3','http','GET /api/portal/projects/1/photos 404','{\"duration_ms\": 3}','GET','/api/portal/projects/1/photos',404,3,1,'::1','Mozilla/5.0 (Windows NT 10.0; Win64; x64) AppleWebKit/537.36 (KHTML, like Gecko) Chrome/146.0.0.0 Safari/537.36','2026-04-07 11:31:09'),(464,'839b86dd-d2a5-4caa-afbc-b9a149d36070','http','GET /api/portal/projects/1/photos 404','{\"duration_ms\": 1}','GET','/api/portal/projects/1/photos',404,1,1,'::1','Mozilla/5.0 (Windows NT 10.0; Win64; x64) AppleWebKit/537.36 (KHTML, like Gecko) Chrome/146.0.0.0 Safari/537.36','2026-04-07 11:31:09'),(465,'e939bcfa-045e-4545-a29c-371d4706e027','http','GET /api/portal/projects/2/photos 404','{\"duration_ms\": 4}','GET','/api/portal/projects/2/photos',404,4,1,'::1','Mozilla/5.0 (Windows NT 10.0; Win64; x64) AppleWebKit/537.36 (KHTML, like Gecko) Chrome/146.0.0.0 Safari/537.36','2026-04-07 11:31:17'),(466,'8eb94671-01e5-41ea-95c7-bfb1713ea48c','http','GET /api/portal/projects/2/photos 404','{\"duration_ms\": 2}','GET','/api/portal/projects/2/photos',404,2,1,'::1','Mozilla/5.0 (Windows NT 10.0; Win64; x64) AppleWebKit/537.36 (KHTML, like Gecko) Chrome/146.0.0.0 Safari/537.36','2026-04-07 11:31:17'),(467,'e20925b5-0654-481b-9a12-be324e53ad53','http','POST /api/auth/refresh 200','{\"duration_ms\": 14}','POST','/api/auth/refresh',200,14,NULL,'::1','Mozilla/5.0 (Windows NT 10.0; Win64; x64) AppleWebKit/537.36 (KHTML, like Gecko) Chrome/146.0.0.0 Safari/537.36','2026-04-07 11:31:57'),(468,'ca01a4ee-9f5d-49f0-870c-6ae07732d7eb','http','GET /api/admin/stats 304','{\"duration_ms\": 6}','GET','/api/admin/stats',304,6,1,'::1','Mozilla/5.0 (Windows NT 10.0; Win64; x64) AppleWebKit/537.36 (KHTML, like Gecko) Chrome/146.0.0.0 Safari/537.36','2026-04-07 11:31:58'),(469,'dbf8b821-49dc-4f20-a74a-693489777452','http','GET /api/admin/stats 304','{\"duration_ms\": 7}','GET','/api/admin/stats',304,7,1,'::1','Mozilla/5.0 (Windows NT 10.0; Win64; x64) AppleWebKit/537.36 (KHTML, like Gecko) Chrome/146.0.0.0 Safari/537.36','2026-04-07 11:31:58'),(470,'ed367d98-f993-4b30-a634-51b260dc7e7c','http','POST /api/auth/refresh 200','{\"duration_ms\": 9}','POST','/api/auth/refresh',200,9,NULL,'::1','Mozilla/5.0 (Windows NT 10.0; Win64; x64) AppleWebKit/537.36 (KHTML, like Gecko) Chrome/146.0.0.0 Safari/537.36','2026-04-07 11:32:21'),(471,'3e5f21ea-b20e-4a0c-ada0-8dc248164fea','http','GET /api/admin/stats 304','{\"duration_ms\": 7}','GET','/api/admin/stats',304,7,1,'::1','Mozilla/5.0 (Windows NT 10.0; Win64; x64) AppleWebKit/537.36 (KHTML, like Gecko) Chrome/146.0.0.0 Safari/537.36','2026-04-07 11:32:21'),(472,'3778efed-593c-4508-84d8-c2145e60f9ec','http','GET /api/admin/stats 304','{\"duration_ms\": 6}','GET','/api/admin/stats',304,6,1,'::1','Mozilla/5.0 (Windows NT 10.0; Win64; x64) AppleWebKit/537.36 (KHTML, like Gecko) Chrome/146.0.0.0 Safari/537.36','2026-04-07 11:32:21'),(473,'b8613625-f834-452f-bb81-c7031a128c3d','http','GET /api/admin/menus 200','{\"duration_ms\": 6}','GET','/api/admin/menus',200,6,1,'::1','Mozilla/5.0 (Windows NT 10.0; Win64; x64) AppleWebKit/537.36 (KHTML, like Gecko) Chrome/146.0.0.0 Safari/537.36','2026-04-07 11:32:23'),(474,'b26b986c-4f5d-4ffd-bc5c-9b0760d1f993','http','GET /api/admin/menus 304','{\"duration_ms\": 4}','GET','/api/admin/menus',304,4,1,'::1','Mozilla/5.0 (Windows NT 10.0; Win64; x64) AppleWebKit/537.36 (KHTML, like Gecko) Chrome/146.0.0.0 Safari/537.36','2026-04-07 11:32:23'),(475,'a3ec3068-35e4-4a9d-96d6-667aac1aac73','http','GET /api/admin/menus 304','{\"duration_ms\": 6}','GET','/api/admin/menus',304,6,1,'::1','Mozilla/5.0 (Windows NT 10.0; Win64; x64) AppleWebKit/537.36 (KHTML, like Gecko) Chrome/146.0.0.0 Safari/537.36','2026-04-07 11:32:25'),(476,'7d8acd43-c7e2-4489-abce-d28549d2067a','http','GET /api/admin/menus 304','{\"duration_ms\": 7}','GET','/api/admin/menus',304,7,1,'::1','Mozilla/5.0 (Windows NT 10.0; Win64; x64) AppleWebKit/537.36 (KHTML, like Gecko) Chrome/146.0.0.0 Safari/537.36','2026-04-07 11:32:25'),(477,'46ba267a-27e1-43ef-a05a-2b3f5f8689fd','http','GET /api/admin/users 304','{\"duration_ms\": 5}','GET','/api/admin/users',304,5,1,'::1','Mozilla/5.0 (Windows NT 10.0; Win64; x64) AppleWebKit/537.36 (KHTML, like Gecko) Chrome/146.0.0.0 Safari/537.36','2026-04-07 11:32:34'),(478,'f97bd602-9340-45a8-bf5b-85aadc5e7a22','http','GET /api/admin/roles 304','{\"duration_ms\": 7}','GET','/api/admin/roles',304,7,1,'::1','Mozilla/5.0 (Windows NT 10.0; Win64; x64) AppleWebKit/537.36 (KHTML, like Gecko) Chrome/146.0.0.0 Safari/537.36','2026-04-07 11:32:34'),(479,'220f522d-a692-4bdb-b33b-2f9ff3557511','http','GET /api/admin/users 304','{\"duration_ms\": 6}','GET','/api/admin/users',304,6,1,'::1','Mozilla/5.0 (Windows NT 10.0; Win64; x64) AppleWebKit/537.36 (KHTML, like Gecko) Chrome/146.0.0.0 Safari/537.36','2026-04-07 11:32:34'),(480,'200721af-d833-4c16-b925-bd388c77f4f3','http','GET /api/admin/roles 304','{\"duration_ms\": 3}','GET','/api/admin/roles',304,3,1,'::1','Mozilla/5.0 (Windows NT 10.0; Win64; x64) AppleWebKit/537.36 (KHTML, like Gecko) Chrome/146.0.0.0 Safari/537.36','2026-04-07 11:32:34'),(481,'bc3ce3bd-8d75-4b47-ae42-79cc083faf1b','http','GET /api/admin/roles 304','{\"duration_ms\": 11}','GET','/api/admin/roles',304,11,1,'::1','Mozilla/5.0 (Windows NT 10.0; Win64; x64) AppleWebKit/537.36 (KHTML, like Gecko) Chrome/146.0.0.0 Safari/537.36','2026-04-07 11:32:37'),(482,'2a986694-3103-4e27-bae5-9e492c0e9b52','http','GET /api/admin/roles/permissions 304','{\"duration_ms\": 6}','GET','/api/admin/roles/permissions',304,6,1,'::1','Mozilla/5.0 (Windows NT 10.0; Win64; x64) AppleWebKit/537.36 (KHTML, like Gecko) Chrome/146.0.0.0 Safari/537.36','2026-04-07 11:32:37'),(483,'5a04b1c6-4957-4ef0-b7eb-ed9a0893747d','http','GET /api/admin/menus 304','{\"duration_ms\": 21}','GET','/api/admin/menus',304,21,1,'::1','Mozilla/5.0 (Windows NT 10.0; Win64; x64) AppleWebKit/537.36 (KHTML, like Gecko) Chrome/146.0.0.0 Safari/537.36','2026-04-07 11:32:37'),(484,'ca92283e-b9df-4c22-8e5d-bacca887f35b','http','GET /api/admin/roles 304','{\"duration_ms\": 7}','GET','/api/admin/roles',304,7,1,'::1','Mozilla/5.0 (Windows NT 10.0; Win64; x64) AppleWebKit/537.36 (KHTML, like Gecko) Chrome/146.0.0.0 Safari/537.36','2026-04-07 11:32:37'),(485,'2507f514-a864-4b24-97d4-e96a6bff5dbd','http','GET /api/admin/roles/permissions 304','{\"duration_ms\": 4}','GET','/api/admin/roles/permissions',304,4,1,'::1','Mozilla/5.0 (Windows NT 10.0; Win64; x64) AppleWebKit/537.36 (KHTML, like Gecko) Chrome/146.0.0.0 Safari/537.36','2026-04-07 11:32:37'),(486,'4b6b9f5f-5024-4217-a0b8-c17d7ad11eb6','http','GET /api/admin/menus 304','{\"duration_ms\": 8}','GET','/api/admin/menus',304,8,1,'::1','Mozilla/5.0 (Windows NT 10.0; Win64; x64) AppleWebKit/537.36 (KHTML, like Gecko) Chrome/146.0.0.0 Safari/537.36','2026-04-07 11:32:37'),(487,'6562284b-8617-400a-b1c4-ed89ee222bd8','http','GET /api/admin/roles 304','{\"duration_ms\": 4}','GET','/api/admin/roles',304,4,1,'::1','Mozilla/5.0 (Windows NT 10.0; Win64; x64) AppleWebKit/537.36 (KHTML, like Gecko) Chrome/146.0.0.0 Safari/537.36','2026-04-07 11:32:48'),(488,'f9d35c8d-9a29-431e-aa5c-74c4fc55d446','http','GET /api/admin/users 304','{\"duration_ms\": 10}','GET','/api/admin/users',304,10,1,'::1','Mozilla/5.0 (Windows NT 10.0; Win64; x64) AppleWebKit/537.36 (KHTML, like Gecko) Chrome/146.0.0.0 Safari/537.36','2026-04-07 11:32:48'),(489,'171df24e-29b9-405c-a6b1-529258df2ee5','http','GET /api/admin/roles 304','{\"duration_ms\": 2}','GET','/api/admin/roles',304,2,1,'::1','Mozilla/5.0 (Windows NT 10.0; Win64; x64) AppleWebKit/537.36 (KHTML, like Gecko) Chrome/146.0.0.0 Safari/537.36','2026-04-07 11:32:48'),(490,'c9a1de54-ee3a-4a5c-adf5-2042227f2618','http','GET /api/admin/users 304','{\"duration_ms\": 4}','GET','/api/admin/users',304,4,1,'::1','Mozilla/5.0 (Windows NT 10.0; Win64; x64) AppleWebKit/537.36 (KHTML, like Gecko) Chrome/146.0.0.0 Safari/537.36','2026-04-07 11:32:48'),(491,'f4277eb5-6264-46ad-baf4-4ce277156256','http','GET /api/admin/roles 304','{\"duration_ms\": 7}','GET','/api/admin/roles',304,7,1,'::1','Mozilla/5.0 (Windows NT 10.0; Win64; x64) AppleWebKit/537.36 (KHTML, like Gecko) Chrome/146.0.0.0 Safari/537.36','2026-04-07 11:32:51'),(492,'41b36248-82f7-425b-9a99-3d6fb50ab376','http','GET /api/admin/roles/permissions 304','{\"duration_ms\": 6}','GET','/api/admin/roles/permissions',304,6,1,'::1','Mozilla/5.0 (Windows NT 10.0; Win64; x64) AppleWebKit/537.36 (KHTML, like Gecko) Chrome/146.0.0.0 Safari/537.36','2026-04-07 11:32:51'),(493,'e7f2b2ef-0f79-4079-bfc1-5d870c07ca16','http','GET /api/admin/menus 304','{\"duration_ms\": 8}','GET','/api/admin/menus',304,8,1,'::1','Mozilla/5.0 (Windows NT 10.0; Win64; x64) AppleWebKit/537.36 (KHTML, like Gecko) Chrome/146.0.0.0 Safari/537.36','2026-04-07 11:32:51'),(494,'83e62b75-0800-4724-9d17-51c56eddeff6','http','GET /api/admin/roles 304','{\"duration_ms\": 6}','GET','/api/admin/roles',304,6,1,'::1','Mozilla/5.0 (Windows NT 10.0; Win64; x64) AppleWebKit/537.36 (KHTML, like Gecko) Chrome/146.0.0.0 Safari/537.36','2026-04-07 11:32:51'),(495,'3a88b7a8-7979-4b54-94fe-a76ee0ce7fcd','http','GET /api/admin/roles/permissions 304','{\"duration_ms\": 8}','GET','/api/admin/roles/permissions',304,8,1,'::1','Mozilla/5.0 (Windows NT 10.0; Win64; x64) AppleWebKit/537.36 (KHTML, like Gecko) Chrome/146.0.0.0 Safari/537.36','2026-04-07 11:32:51'),(496,'c9f4f133-a860-40f3-b8b3-9653366d2fb7','http','GET /api/admin/menus 304','{\"duration_ms\": 9}','GET','/api/admin/menus',304,9,1,'::1','Mozilla/5.0 (Windows NT 10.0; Win64; x64) AppleWebKit/537.36 (KHTML, like Gecko) Chrome/146.0.0.0 Safari/537.36','2026-04-07 11:32:51'),(497,'5347198b-85a9-47bb-999f-54a157e647e5','http','GET /api/admin/states 304','{\"duration_ms\": 3}','GET','/api/admin/states',304,3,1,'::1','Mozilla/5.0 (Windows NT 10.0; Win64; x64) AppleWebKit/537.36 (KHTML, like Gecko) Chrome/146.0.0.0 Safari/537.36','2026-04-07 11:39:45'),(498,'b4a0b2ee-34ba-42da-94a1-4afcd8da963e','http','GET /api/admin/states 304','{\"duration_ms\": 4}','GET','/api/admin/states',304,4,1,'::1','Mozilla/5.0 (Windows NT 10.0; Win64; x64) AppleWebKit/537.36 (KHTML, like Gecko) Chrome/146.0.0.0 Safari/537.36','2026-04-07 11:39:45'),(499,'911cc578-9260-4650-96fc-868abfa3a70c','http','GET /api/admin/projects 304','{\"duration_ms\": 6}','GET','/api/admin/projects',304,6,1,'::1','Mozilla/5.0 (Windows NT 10.0; Win64; x64) AppleWebKit/537.36 (KHTML, like Gecko) Chrome/146.0.0.0 Safari/537.36','2026-04-07 11:39:45'),(500,'1239dd28-d86d-4d6e-98ef-5aef96834aee','http','GET /api/admin/projects 304','{\"duration_ms\": 4}','GET','/api/admin/projects',304,4,1,'::1','Mozilla/5.0 (Windows NT 10.0; Win64; x64) AppleWebKit/537.36 (KHTML, like Gecko) Chrome/146.0.0.0 Safari/537.36','2026-04-07 11:39:45'),(501,'752b5d7c-d634-4fa0-bac4-9a792855e884','http','GET /api/admin/states 304','{\"duration_ms\": 6}','GET','/api/admin/states',304,6,1,'::1','Mozilla/5.0 (Windows NT 10.0; Win64; x64) AppleWebKit/537.36 (KHTML, like Gecko) Chrome/146.0.0.0 Safari/537.36','2026-04-07 11:39:48'),(502,'1bc7d3f8-a881-48b0-8506-187a8c0f0c21','http','GET /api/admin/project-categories 304','{\"duration_ms\": 8}','GET','/api/admin/project-categories',304,8,1,'::1','Mozilla/5.0 (Windows NT 10.0; Win64; x64) AppleWebKit/537.36 (KHTML, like Gecko) Chrome/146.0.0.0 Safari/537.36','2026-04-07 11:39:48'),(503,'a2a27a8a-1924-49fd-83a7-418f5e30aacb','http','GET /api/admin/states 304','{\"duration_ms\": 4}','GET','/api/admin/states',304,4,1,'::1','Mozilla/5.0 (Windows NT 10.0; Win64; x64) AppleWebKit/537.36 (KHTML, like Gecko) Chrome/146.0.0.0 Safari/537.36','2026-04-07 11:39:48'),(504,'561e5510-543c-4576-8b58-b1e2121f49f9','http','GET /api/admin/project-categories 304','{\"duration_ms\": 4}','GET','/api/admin/project-categories',304,4,1,'::1','Mozilla/5.0 (Windows NT 10.0; Win64; x64) AppleWebKit/537.36 (KHTML, like Gecko) Chrome/146.0.0.0 Safari/537.36','2026-04-07 11:39:48'),(505,'f6c7c158-2af2-4e7b-a360-43aa510be458','http','GET /api/admin/project-categories 304','{\"duration_ms\": 5}','GET','/api/admin/project-categories?includeInactive=1',304,5,1,'::1','Mozilla/5.0 (Windows NT 10.0; Win64; x64) AppleWebKit/537.36 (KHTML, like Gecko) Chrome/146.0.0.0 Safari/537.36','2026-04-07 11:39:49'),(506,'8dcccef9-8315-4438-bfe2-de228c56f541','http','GET /api/admin/project-categories 304','{\"duration_ms\": 5}','GET','/api/admin/project-categories?includeInactive=1',304,5,1,'::1','Mozilla/5.0 (Windows NT 10.0; Win64; x64) AppleWebKit/537.36 (KHTML, like Gecko) Chrome/146.0.0.0 Safari/537.36','2026-04-07 11:39:49'),(507,'f0242e44-7874-4562-bd73-4705180799cb','http','GET /api/admin/stats 304','{\"duration_ms\": 6}','GET','/api/admin/stats',304,6,1,'::1','Mozilla/5.0 (Windows NT 10.0; Win64; x64) AppleWebKit/537.36 (KHTML, like Gecko) Chrome/146.0.0.0 Safari/537.36','2026-04-07 11:39:51'),(508,'8201e3c9-2a16-4703-955c-c59a83977d73','http','GET /api/admin/stats 304','{\"duration_ms\": 7}','GET','/api/admin/stats',304,7,1,'::1','Mozilla/5.0 (Windows NT 10.0; Win64; x64) AppleWebKit/537.36 (KHTML, like Gecko) Chrome/146.0.0.0 Safari/537.36','2026-04-07 11:39:51'),(509,'25a7a8b9-df4c-4032-9256-13388b86e060','http','GET /api/portal/bootstrap 304','{\"duration_ms\": 11}','GET','/api/portal/bootstrap',304,11,1,'::1','Mozilla/5.0 (Windows NT 10.0; Win64; x64) AppleWebKit/537.36 (KHTML, like Gecko) Chrome/146.0.0.0 Safari/537.36','2026-04-07 11:39:56'),(510,'42cf58fc-ba3a-4c2d-93b9-65efafd40044','http','GET /api/portal/projects 304','{\"duration_ms\": 4}','GET','/api/portal/projects',304,4,1,'::1','Mozilla/5.0 (Windows NT 10.0; Win64; x64) AppleWebKit/537.36 (KHTML, like Gecko) Chrome/146.0.0.0 Safari/537.36','2026-04-07 11:39:56'),(511,'68cb3169-01c2-469c-80b0-d6b9f377a717','http','GET /api/portal/stats 304','{\"duration_ms\": 9}','GET','/api/portal/stats',304,9,1,'::1','Mozilla/5.0 (Windows NT 10.0; Win64; x64) AppleWebKit/537.36 (KHTML, like Gecko) Chrome/146.0.0.0 Safari/537.36','2026-04-07 11:39:56'),(512,'a5bbfd46-29e9-4d18-8def-fda73fc64f8e','http','GET /api/portal/bootstrap 304','{\"duration_ms\": 4}','GET','/api/portal/bootstrap',304,4,1,'::1','Mozilla/5.0 (Windows NT 10.0; Win64; x64) AppleWebKit/537.36 (KHTML, like Gecko) Chrome/146.0.0.0 Safari/537.36','2026-04-07 11:39:56'),(513,'eecfe6b3-e7b4-4328-b0e9-a982a794f7de','http','GET /api/portal/projects 304','{\"duration_ms\": 6}','GET','/api/portal/projects',304,6,1,'::1','Mozilla/5.0 (Windows NT 10.0; Win64; x64) AppleWebKit/537.36 (KHTML, like Gecko) Chrome/146.0.0.0 Safari/537.36','2026-04-07 11:39:56'),(514,'aea93b86-57d8-4708-a9b8-eee61b2d2647','http','GET /api/portal/stats 304','{\"duration_ms\": 8}','GET','/api/portal/stats',304,8,1,'::1','Mozilla/5.0 (Windows NT 10.0; Win64; x64) AppleWebKit/537.36 (KHTML, like Gecko) Chrome/146.0.0.0 Safari/537.36','2026-04-07 11:39:56'),(515,'66a03817-6f69-4d3b-9614-31e6f529cae4','http','GET /api/portal/projects/1/photos 404','{\"duration_ms\": 5}','GET','/api/portal/projects/1/photos',404,5,1,'::1','Mozilla/5.0 (Windows NT 10.0; Win64; x64) AppleWebKit/537.36 (KHTML, like Gecko) Chrome/146.0.0.0 Safari/537.36','2026-04-07 11:39:58'),(516,'45e5e3b3-2113-45a1-ac2e-35270024f5a2','http','GET /api/portal/projects/1/photos 404','{\"duration_ms\": 4}','GET','/api/portal/projects/1/photos',404,4,1,'::1','Mozilla/5.0 (Windows NT 10.0; Win64; x64) AppleWebKit/537.36 (KHTML, like Gecko) Chrome/146.0.0.0 Safari/537.36','2026-04-07 11:39:58'),(517,'41e5f42a-357a-4ad5-9e80-123650284c61','http','GET /api/portal/projects/2/photos 404','{\"duration_ms\": 4}','GET','/api/portal/projects/2/photos',404,4,1,'::1','Mozilla/5.0 (Windows NT 10.0; Win64; x64) AppleWebKit/537.36 (KHTML, like Gecko) Chrome/146.0.0.0 Safari/537.36','2026-04-07 11:40:01'),(518,'deee7a7b-0967-44ae-ae53-d6b5d4abdcda','http','GET /api/portal/projects/2/photos 404','{\"duration_ms\": 3}','GET','/api/portal/projects/2/photos',404,3,1,'::1','Mozilla/5.0 (Windows NT 10.0; Win64; x64) AppleWebKit/537.36 (KHTML, like Gecko) Chrome/146.0.0.0 Safari/537.36','2026-04-07 11:40:01'),(519,'579d0efe-1c62-4c49-896c-5a1178372576','http','POST /api/auth/refresh 200','{\"duration_ms\": 8}','POST','/api/auth/refresh',200,8,NULL,'::1','Mozilla/5.0 (Windows NT 10.0; Win64; x64) AppleWebKit/537.36 (KHTML, like Gecko) Chrome/146.0.0.0 Safari/537.36','2026-04-07 11:47:22'),(520,'16f2a664-c23c-4bdb-84bb-39a8681887b4','http','GET /api/portal/bootstrap 304','{\"duration_ms\": 6}','GET','/api/portal/bootstrap',304,6,1,'::1','Mozilla/5.0 (Windows NT 10.0; Win64; x64) AppleWebKit/537.36 (KHTML, like Gecko) Chrome/146.0.0.0 Safari/537.36','2026-04-07 11:47:23'),(521,'58c7569b-d5f0-4b93-b74d-83234953fb80','http','GET /api/portal/projects 304','{\"duration_ms\": 4}','GET','/api/portal/projects',304,4,1,'::1','Mozilla/5.0 (Windows NT 10.0; Win64; x64) AppleWebKit/537.36 (KHTML, like Gecko) Chrome/146.0.0.0 Safari/537.36','2026-04-07 11:47:23'),(522,'4ebeb3c0-99aa-4315-8fc1-99c6044e1d19','http','GET /api/portal/stats 304','{\"duration_ms\": 9}','GET','/api/portal/stats',304,9,1,'::1','Mozilla/5.0 (Windows NT 10.0; Win64; x64) AppleWebKit/537.36 (KHTML, like Gecko) Chrome/146.0.0.0 Safari/537.36','2026-04-07 11:47:23'),(523,'8b1edf57-08f0-4720-9fef-9593c068a97f','http','GET /api/portal/bootstrap 304','{\"duration_ms\": 5}','GET','/api/portal/bootstrap',304,5,1,'::1','Mozilla/5.0 (Windows NT 10.0; Win64; x64) AppleWebKit/537.36 (KHTML, like Gecko) Chrome/146.0.0.0 Safari/537.36','2026-04-07 11:47:23'),(524,'455a784d-9404-4b7f-9b87-7c98ea9cf293','http','GET /api/portal/projects 304','{\"duration_ms\": 5}','GET','/api/portal/projects',304,5,1,'::1','Mozilla/5.0 (Windows NT 10.0; Win64; x64) AppleWebKit/537.36 (KHTML, like Gecko) Chrome/146.0.0.0 Safari/537.36','2026-04-07 11:47:23'),(525,'23594a8c-9494-441c-a0a7-4b2787e2f82b','http','GET /api/portal/stats 304','{\"duration_ms\": 6}','GET','/api/portal/stats',304,6,1,'::1','Mozilla/5.0 (Windows NT 10.0; Win64; x64) AppleWebKit/537.36 (KHTML, like Gecko) Chrome/146.0.0.0 Safari/537.36','2026-04-07 11:47:23'),(526,'8ae55907-bb4b-4523-9138-31784502a71d','http','GET /api/portal/projects/2/photos 404','{\"duration_ms\": 3}','GET','/api/portal/projects/2/photos',404,3,1,'::1','Mozilla/5.0 (Windows NT 10.0; Win64; x64) AppleWebKit/537.36 (KHTML, like Gecko) Chrome/146.0.0.0 Safari/537.36','2026-04-07 11:47:24'),(527,'b21d1d7e-5ac3-492c-a558-340d3c487583','http','GET /api/portal/projects/2/photos 404','{\"duration_ms\": 3}','GET','/api/portal/projects/2/photos',404,3,1,'::1','Mozilla/5.0 (Windows NT 10.0; Win64; x64) AppleWebKit/537.36 (KHTML, like Gecko) Chrome/146.0.0.0 Safari/537.36','2026-04-07 11:47:24'),(528,'cb2c7f04-0628-4176-9e29-4f787183f864','http','GET /api/portal/projects/2/photos 404','{\"duration_ms\": 4}','GET','/api/portal/projects/2/photos',404,4,1,'::1','Mozilla/5.0 (Windows NT 10.0; Win64; x64) AppleWebKit/537.36 (KHTML, like Gecko) Chrome/146.0.0.0 Safari/537.36','2026-04-07 11:47:28'),(529,'4fa61f09-fb63-4e57-b5cc-154528fbee56','http','GET /api/portal/projects/2/photos 404','{\"duration_ms\": 4}','GET','/api/portal/projects/2/photos',404,4,1,'::1','Mozilla/5.0 (Windows NT 10.0; Win64; x64) AppleWebKit/537.36 (KHTML, like Gecko) Chrome/146.0.0.0 Safari/537.36','2026-04-07 11:47:28'),(530,'012a735c-b59e-4c20-8365-93c228a17b9a','http','GET /api/portal/projects/2/photos 404','{\"duration_ms\": 4}','GET','/api/portal/projects/2/photos',404,4,1,'::1','Mozilla/5.0 (Windows NT 10.0; Win64; x64) AppleWebKit/537.36 (KHTML, like Gecko) Chrome/146.0.0.0 Safari/537.36','2026-04-07 11:49:49'),(531,'3ff88a18-3d1f-4b52-acb8-d63e9a7c844e','http','POST /api/auth/refresh 200','{\"duration_ms\": 8}','POST','/api/auth/refresh',200,8,NULL,'::1','Mozilla/5.0 (Windows NT 10.0; Win64; x64) AppleWebKit/537.36 (KHTML, like Gecko) Chrome/146.0.0.0 Safari/537.36','2026-04-07 11:50:52'),(532,'0a9db346-c020-4f47-b8f0-b9bab5ddcadf','http','GET /api/portal/bootstrap 304','{\"duration_ms\": 4}','GET','/api/portal/bootstrap',304,4,1,'::1','Mozilla/5.0 (Windows NT 10.0; Win64; x64) AppleWebKit/537.36 (KHTML, like Gecko) Chrome/146.0.0.0 Safari/537.36','2026-04-07 11:50:52'),(533,'6c1495a9-5134-4559-a708-904e119c3656','http','GET /api/portal/projects 304','{\"duration_ms\": 3}','GET','/api/portal/projects',304,3,1,'::1','Mozilla/5.0 (Windows NT 10.0; Win64; x64) AppleWebKit/537.36 (KHTML, like Gecko) Chrome/146.0.0.0 Safari/537.36','2026-04-07 11:50:52'),(534,'0263e326-e8d4-4ca5-a77b-3e18b6c5a43c','http','GET /api/portal/stats 304','{\"duration_ms\": 7}','GET','/api/portal/stats',304,7,1,'::1','Mozilla/5.0 (Windows NT 10.0; Win64; x64) AppleWebKit/537.36 (KHTML, like Gecko) Chrome/146.0.0.0 Safari/537.36','2026-04-07 11:50:52'),(535,'22323876-8bca-48ab-8e8d-4d29f1d970db','http','GET /api/portal/bootstrap 304','{\"duration_ms\": 4}','GET','/api/portal/bootstrap',304,4,1,'::1','Mozilla/5.0 (Windows NT 10.0; Win64; x64) AppleWebKit/537.36 (KHTML, like Gecko) Chrome/146.0.0.0 Safari/537.36','2026-04-07 11:50:52'),(536,'4c782e66-02e6-48a9-b18a-e5c8b932ebe7','http','GET /api/portal/projects 304','{\"duration_ms\": 7}','GET','/api/portal/projects',304,7,1,'::1','Mozilla/5.0 (Windows NT 10.0; Win64; x64) AppleWebKit/537.36 (KHTML, like Gecko) Chrome/146.0.0.0 Safari/537.36','2026-04-07 11:50:52'),(537,'3dc803db-7971-4284-bfcb-24bbbcbc03b5','http','GET /api/portal/stats 304','{\"duration_ms\": 6}','GET','/api/portal/stats',304,6,1,'::1','Mozilla/5.0 (Windows NT 10.0; Win64; x64) AppleWebKit/537.36 (KHTML, like Gecko) Chrome/146.0.0.0 Safari/537.36','2026-04-07 11:50:52'),(538,'7cbcf6f2-7e66-4c01-b04d-3970a64c44e3','http','GET /api/portal/projects/1/photos 404','{\"duration_ms\": 3}','GET','/api/portal/projects/1/photos',404,3,1,'::1','Mozilla/5.0 (Windows NT 10.0; Win64; x64) AppleWebKit/537.36 (KHTML, like Gecko) Chrome/146.0.0.0 Safari/537.36','2026-04-07 11:50:54'),(539,'f5ead31e-1785-4a87-8379-ea8dffb3e287','http','GET /api/portal/projects/1/photos 404','{\"duration_ms\": 3}','GET','/api/portal/projects/1/photos',404,3,1,'::1','Mozilla/5.0 (Windows NT 10.0; Win64; x64) AppleWebKit/537.36 (KHTML, like Gecko) Chrome/146.0.0.0 Safari/537.36','2026-04-07 11:50:54'),(540,'afaf1eca-0573-4229-9029-b748375887f4','http','GET /api/portal/projects/1/photos 404','{\"duration_ms\": 4}','GET','/api/portal/projects/1/photos',404,4,1,'::1','Mozilla/5.0 (Windows NT 10.0; Win64; x64) AppleWebKit/537.36 (KHTML, like Gecko) Chrome/146.0.0.0 Safari/537.36','2026-04-07 11:58:51'),(541,'1ff4c336-155c-4b72-907b-22ef35739191','http','GET /api/portal/projects/1/photos 404','{\"duration_ms\": 2}','GET','/api/portal/projects/1/photos',404,2,1,'::1','Mozilla/5.0 (Windows NT 10.0; Win64; x64) AppleWebKit/537.36 (KHTML, like Gecko) Chrome/146.0.0.0 Safari/537.36','2026-04-07 11:58:51'),(542,'3fe55e6a-3b0a-4985-a7ff-df45a24b77a4','http','GET /api/portal/projects/2/photos 404','{\"duration_ms\": 4}','GET','/api/portal/projects/2/photos',404,4,1,'::1','Mozilla/5.0 (Windows NT 10.0; Win64; x64) AppleWebKit/537.36 (KHTML, like Gecko) Chrome/146.0.0.0 Safari/537.36','2026-04-07 11:58:54'),(543,'490a46a0-f20b-42e6-a468-dbd25cb020ae','http','GET /api/portal/projects/2/photos 404','{\"duration_ms\": 2}','GET','/api/portal/projects/2/photos',404,2,1,'::1','Mozilla/5.0 (Windows NT 10.0; Win64; x64) AppleWebKit/537.36 (KHTML, like Gecko) Chrome/146.0.0.0 Safari/537.36','2026-04-07 11:58:54'),(544,'15c67c26-9345-489d-a487-c9d3ef02dda1','http','GET /api/portal/projects/2/photos 404','{\"duration_ms\": 4}','GET','/api/portal/projects/2/photos',404,4,1,'::1','Mozilla/5.0 (Windows NT 10.0; Win64; x64) AppleWebKit/537.36 (KHTML, like Gecko) Chrome/146.0.0.0 Safari/537.36','2026-04-07 11:58:58'),(545,'19557b6c-c425-4d66-9ec4-ec61e71ab9d0','http','GET /api/portal/projects/2/photos 404','{\"duration_ms\": 3}','GET','/api/portal/projects/2/photos',404,3,1,'::1','Mozilla/5.0 (Windows NT 10.0; Win64; x64) AppleWebKit/537.36 (KHTML, like Gecko) Chrome/146.0.0.0 Safari/537.36','2026-04-07 11:58:58'),(546,'8a43167c-0072-41e5-aee6-056a5fab6323','http','POST /api/auth/refresh 200','{\"duration_ms\": 9}','POST','/api/auth/refresh',200,9,NULL,'::1','Mozilla/5.0 (Windows NT 10.0; Win64; x64) AppleWebKit/537.36 (KHTML, like Gecko) Chrome/146.0.0.0 Safari/537.36','2026-04-07 12:05:26'),(547,'aa177adc-9390-4392-b2bb-8d35cef2bfd6','http','GET /api/portal/bootstrap 304','{\"duration_ms\": 8}','GET','/api/portal/bootstrap',304,8,1,'::1','Mozilla/5.0 (Windows NT 10.0; Win64; x64) AppleWebKit/537.36 (KHTML, like Gecko) Chrome/146.0.0.0 Safari/537.36','2026-04-07 12:05:26'),(548,'932cecca-872b-4a57-823b-53bacf28830a','http','GET /api/portal/projects 304','{\"duration_ms\": 5}','GET','/api/portal/projects',304,5,1,'::1','Mozilla/5.0 (Windows NT 10.0; Win64; x64) AppleWebKit/537.36 (KHTML, like Gecko) Chrome/146.0.0.0 Safari/537.36','2026-04-07 12:05:26'),(549,'f95cdd00-c49e-4913-ae32-31b223477060','http','GET /api/portal/stats 304','{\"duration_ms\": 10}','GET','/api/portal/stats',304,10,1,'::1','Mozilla/5.0 (Windows NT 10.0; Win64; x64) AppleWebKit/537.36 (KHTML, like Gecko) Chrome/146.0.0.0 Safari/537.36','2026-04-07 12:05:26'),(550,'8e0df7e5-0904-4ba5-aebe-f555c985e566','http','GET /api/portal/bootstrap 304','{\"duration_ms\": 7}','GET','/api/portal/bootstrap',304,7,1,'::1','Mozilla/5.0 (Windows NT 10.0; Win64; x64) AppleWebKit/537.36 (KHTML, like Gecko) Chrome/146.0.0.0 Safari/537.36','2026-04-07 12:05:26'),(551,'3e046c56-eb53-4c23-ba6a-8d7011d3082a','http','GET /api/portal/projects 304','{\"duration_ms\": 5}','GET','/api/portal/projects',304,5,1,'::1','Mozilla/5.0 (Windows NT 10.0; Win64; x64) AppleWebKit/537.36 (KHTML, like Gecko) Chrome/146.0.0.0 Safari/537.36','2026-04-07 12:05:26'),(552,'48728ef0-b916-4be4-b21c-dd3a73c0f1c3','http','GET /api/portal/stats 304','{\"duration_ms\": 5}','GET','/api/portal/stats',304,5,1,'::1','Mozilla/5.0 (Windows NT 10.0; Win64; x64) AppleWebKit/537.36 (KHTML, like Gecko) Chrome/146.0.0.0 Safari/537.36','2026-04-07 12:05:26'),(553,'eeff3d1d-ad27-430e-ad01-cbb5d51b2150','http','GET /api/portal/project-photo-list 404','{\"duration_ms\": 3}','GET','/api/portal/project-photo-list?projectId=1',404,3,1,'::1','Mozilla/5.0 (Windows NT 10.0; Win64; x64) AppleWebKit/537.36 (KHTML, like Gecko) Chrome/146.0.0.0 Safari/537.36','2026-04-07 12:05:27'),(554,'62441c72-3c1b-49b5-b9c3-5a48149317d7','http','GET /api/portal/project-photo-list 404','{\"duration_ms\": 4}','GET','/api/portal/project-photo-list?projectId=1',404,4,1,'::1','Mozilla/5.0 (Windows NT 10.0; Win64; x64) AppleWebKit/537.36 (KHTML, like Gecko) Chrome/146.0.0.0 Safari/537.36','2026-04-07 12:05:27'),(555,'700e31e5-c5fb-4d54-9c2d-89ff6a9c9ca6','http','GET /api/portal/project-photo-list 404','{\"duration_ms\": 3}','GET','/api/portal/project-photo-list?projectId=2',404,3,1,'::1','Mozilla/5.0 (Windows NT 10.0; Win64; x64) AppleWebKit/537.36 (KHTML, like Gecko) Chrome/146.0.0.0 Safari/537.36','2026-04-07 12:05:33'),(556,'77a26643-0e2d-4047-a65a-3ddb3a9d3d4f','http','GET /api/portal/project-photo-list 404','{\"duration_ms\": 3}','GET','/api/portal/project-photo-list?projectId=2',404,3,1,'::1','Mozilla/5.0 (Windows NT 10.0; Win64; x64) AppleWebKit/537.36 (KHTML, like Gecko) Chrome/146.0.0.0 Safari/537.36','2026-04-07 12:05:33'),(557,'f74b7f14-5aa9-4029-bfc2-20574a4a2299','http','GET /api/admin/stats 304','{\"duration_ms\": 7}','GET','/api/admin/stats',304,7,1,'::1','Mozilla/5.0 (Windows NT 10.0; Win64; x64) AppleWebKit/537.36 (KHTML, like Gecko) Chrome/146.0.0.0 Safari/537.36','2026-04-07 12:06:01'),(558,'131c9e1d-6131-4642-b816-1bf52f860c0b','http','GET /api/admin/stats 304','{\"duration_ms\": 4}','GET','/api/admin/stats',304,4,1,'::1','Mozilla/5.0 (Windows NT 10.0; Win64; x64) AppleWebKit/537.36 (KHTML, like Gecko) Chrome/146.0.0.0 Safari/537.36','2026-04-07 12:06:01'),(559,'e2daed74-b533-4bb6-a2b7-7ee8395a7554','http','GET /api/admin/states 304','{\"duration_ms\": 5}','GET','/api/admin/states',304,5,1,'::1','Mozilla/5.0 (Windows NT 10.0; Win64; x64) AppleWebKit/537.36 (KHTML, like Gecko) Chrome/146.0.0.0 Safari/537.36','2026-04-07 12:06:03'),(560,'79425eea-8fae-4f44-8f15-bd46ccc65494','http','GET /api/admin/states 304','{\"duration_ms\": 4}','GET','/api/admin/states',304,4,1,'::1','Mozilla/5.0 (Windows NT 10.0; Win64; x64) AppleWebKit/537.36 (KHTML, like Gecko) Chrome/146.0.0.0 Safari/537.36','2026-04-07 12:06:03'),(561,'8326b9a4-15e9-46f0-a6d2-5848a477b368','http','GET /api/admin/projects 304','{\"duration_ms\": 4}','GET','/api/admin/projects',304,4,1,'::1','Mozilla/5.0 (Windows NT 10.0; Win64; x64) AppleWebKit/537.36 (KHTML, like Gecko) Chrome/146.0.0.0 Safari/537.36','2026-04-07 12:06:03'),(562,'4faa67c5-78b4-4357-861c-c262bd02edf4','http','GET /api/admin/projects 304','{\"duration_ms\": 6}','GET','/api/admin/projects',304,6,1,'::1','Mozilla/5.0 (Windows NT 10.0; Win64; x64) AppleWebKit/537.36 (KHTML, like Gecko) Chrome/146.0.0.0 Safari/537.36','2026-04-07 12:06:03'),(563,'b1fbf055-86bd-46b6-9405-04ca2dfaa4bc','http','GET /api/admin/projects/2/photos 200','{\"duration_ms\": 11}','GET','/api/admin/projects/2/photos',200,11,1,'::1','Mozilla/5.0 (Windows NT 10.0; Win64; x64) AppleWebKit/537.36 (KHTML, like Gecko) Chrome/146.0.0.0 Safari/537.36','2026-04-07 12:06:05'),(564,'3b9bbd82-cf95-4e65-aa88-3b0959d2e017','http','GET /api/admin/projects/2/photos 304','{\"duration_ms\": 9}','GET','/api/admin/projects/2/photos',304,9,1,'::1','Mozilla/5.0 (Windows NT 10.0; Win64; x64) AppleWebKit/537.36 (KHTML, like Gecko) Chrome/146.0.0.0 Safari/537.36','2026-04-07 12:06:05'),(565,'2e008c10-8390-4d44-969f-c34a04a3f6fc','http','GET /api/admin/projects/1/photos 304','{\"duration_ms\": 7}','GET','/api/admin/projects/1/photos',304,7,1,'::1','Mozilla/5.0 (Windows NT 10.0; Win64; x64) AppleWebKit/537.36 (KHTML, like Gecko) Chrome/146.0.0.0 Safari/537.36','2026-04-07 12:06:08'),(566,'847541cc-33cf-450a-af55-fd9c3097c113','http','GET /api/admin/projects/1/photos 304','{\"duration_ms\": 7}','GET','/api/admin/projects/1/photos',304,7,1,'::1','Mozilla/5.0 (Windows NT 10.0; Win64; x64) AppleWebKit/537.36 (KHTML, like Gecko) Chrome/146.0.0.0 Safari/537.36','2026-04-07 12:06:08'),(567,'4a2856f4-d6bb-4615-ba7d-b754fed27620','http','GET /api/admin/projects/1/photos 304','{\"duration_ms\": 7}','GET','/api/admin/projects/1/photos',304,7,1,'::1','Mozilla/5.0 (Windows NT 10.0; Win64; x64) AppleWebKit/537.36 (KHTML, like Gecko) Chrome/146.0.0.0 Safari/537.36','2026-04-07 12:06:10'),(568,'4902bb6a-c6fc-4fe7-aedb-95de107cca6e','http','GET /api/admin/projects/1/photos 304','{\"duration_ms\": 7}','GET','/api/admin/projects/1/photos',304,7,1,'::1','Mozilla/5.0 (Windows NT 10.0; Win64; x64) AppleWebKit/537.36 (KHTML, like Gecko) Chrome/146.0.0.0 Safari/537.36','2026-04-07 12:06:10'),(569,'2fbd9baf-bf4c-49cd-a58c-e9cac17054f4','error','Incorrect arguments to mysqld_stmt_execute','{\"user\": {\"id\": \"1\", \"username\": \"admin\"}, \"error\": {\"name\": \"Error\", \"stack\": \"Error: Incorrect arguments to mysqld_stmt_execute\\n    at PromisePool.execute (C:\\\\DDrive\\\\dashboard\\\\server\\\\node_modules\\\\mysql2\\\\lib\\\\promise\\\\pool.js:54:22)\\n    at Module.listApplicationErrorLogs (file:///C:/DDrive/dashboard/server/src/services/applicationLogService.js:75:29)\\n    at process.processTicksAndRejections (node:internal/process/task_queues:105:5)\\n    at async file:///C:/DDrive/dashboard/server/src/routes/admin/applicationLogs.routes.js:13:18\", \"message\": \"Incorrect arguments to mysqld_stmt_execute\"}, \"event\": \"server_error\", \"client\": {\"ip\": \"::1\", \"userAgent\": \"Mozilla/5.0 (Windows NT 10.0; Win64; x64) AppleWebKit/537.36 (KHTML, like Gecko) Chrome/146.0.0.0 Safari/537.36\"}, \"request\": {\"path\": \"/api/admin/application-logs?page=1&pageSize=20\", \"method\": \"GET\", \"statusCode\": 500}, \"occurredAt\": \"2026-04-07T12:47:24.558Z\", \"correlationId\": \"2fbd9baf-bf4c-49cd-a58c-e9cac17054f4\"}','GET','/api/admin/application-logs?page=1&pageSize=20',500,NULL,1,'::1','Mozilla/5.0 (Windows NT 10.0; Win64; x64) AppleWebKit/537.36 (KHTML, like Gecko) Chrome/146.0.0.0 Safari/537.36','2026-04-07 12:47:24'),(570,'36be6948-0ecb-4cfa-9460-4537f8135acb','error','Incorrect arguments to mysqld_stmt_execute','{\"user\": {\"id\": \"1\", \"username\": \"admin\"}, \"error\": {\"name\": \"Error\", \"stack\": \"Error: Incorrect arguments to mysqld_stmt_execute\\n    at PromisePool.execute (C:\\\\DDrive\\\\dashboard\\\\server\\\\node_modules\\\\mysql2\\\\lib\\\\promise\\\\pool.js:54:22)\\n    at Module.listApplicationErrorLogs (file:///C:/DDrive/dashboard/server/src/services/applicationLogService.js:75:29)\\n    at process.processTicksAndRejections (node:internal/process/task_queues:105:5)\\n    at async file:///C:/DDrive/dashboard/server/src/routes/admin/applicationLogs.routes.js:13:18\", \"message\": \"Incorrect arguments to mysqld_stmt_execute\"}, \"event\": \"server_error\", \"client\": {\"ip\": \"::1\", \"userAgent\": \"Mozilla/5.0 (Windows NT 10.0; Win64; x64) AppleWebKit/537.36 (KHTML, like Gecko) Chrome/146.0.0.0 Safari/537.36\"}, \"request\": {\"path\": \"/api/admin/application-logs?page=1&pageSize=20\", \"method\": \"GET\", \"statusCode\": 500}, \"occurredAt\": \"2026-04-07T12:47:24.576Z\", \"correlationId\": \"36be6948-0ecb-4cfa-9460-4537f8135acb\"}','GET','/api/admin/application-logs?page=1&pageSize=20',500,NULL,1,'::1','Mozilla/5.0 (Windows NT 10.0; Win64; x64) AppleWebKit/537.36 (KHTML, like Gecko) Chrome/146.0.0.0 Safari/537.36','2026-04-07 12:47:24');
/*!40000 ALTER TABLE `application_logs` ENABLE KEYS */;
UNLOCK TABLES;

--
-- Table structure for table `locations`
--

DROP TABLE IF EXISTS `locations`;
/*!40101 SET @saved_cs_client     = @@character_set_client */;
/*!50503 SET character_set_client = utf8mb4 */;
CREATE TABLE `locations` (
  `id` int unsigned NOT NULL AUTO_INCREMENT,
  `state_id` int unsigned NOT NULL,
  `name` varchar(200) COLLATE utf8mb4_unicode_ci NOT NULL,
  `code` varchar(50) COLLATE utf8mb4_unicode_ci DEFAULT NULL,
  `is_active` tinyint(1) NOT NULL DEFAULT '1',
  `sort_order` int NOT NULL DEFAULT '0',
  `created_at` timestamp NOT NULL DEFAULT CURRENT_TIMESTAMP,
  `updated_at` timestamp NOT NULL DEFAULT CURRENT_TIMESTAMP ON UPDATE CURRENT_TIMESTAMP,
  `created_by` int unsigned DEFAULT NULL,
  `updated_by` int unsigned DEFAULT NULL,
  PRIMARY KEY (`id`),
  UNIQUE KEY `uk_locations_state_code` (`state_id`,`code`),
  KEY `idx_locations_state` (`state_id`),
  KEY `fk_loc_created_by` (`created_by`),
  KEY `fk_loc_updated_by` (`updated_by`),
  CONSTRAINT `fk_loc_created_by` FOREIGN KEY (`created_by`) REFERENCES `users` (`id`) ON DELETE SET NULL,
  CONSTRAINT `fk_loc_updated_by` FOREIGN KEY (`updated_by`) REFERENCES `users` (`id`) ON DELETE SET NULL,
  CONSTRAINT `fk_locations_state` FOREIGN KEY (`state_id`) REFERENCES `states` (`id`) ON DELETE CASCADE
) ENGINE=InnoDB AUTO_INCREMENT=10 DEFAULT CHARSET=utf8mb4 COLLATE=utf8mb4_unicode_ci;
/*!40101 SET character_set_client = @saved_cs_client */;

--
-- Dumping data for table `locations`
--

LOCK TABLES `locations` WRITE;
/*!40000 ALTER TABLE `locations` DISABLE KEYS */;
INSERT INTO `locations` VALUES (1,14,'Mumbai PAX','MH-MUM-PAX',1,1,'2026-04-07 07:56:04','2026-04-07 07:56:04',NULL,NULL),(2,14,'Pune PAX','MH-PUN-PAX',1,2,'2026-04-07 07:56:04','2026-04-07 07:56:04',NULL,NULL),(3,11,'Bengaluru PAX','KA-BLR-PAX',1,1,'2026-04-07 07:56:04','2026-04-07 07:56:04',NULL,NULL);
/*!40000 ALTER TABLE `locations` ENABLE KEYS */;
UNLOCK TABLES;

--
-- Table structure for table `menu_roles`
--

DROP TABLE IF EXISTS `menu_roles`;
/*!40101 SET @saved_cs_client     = @@character_set_client */;
/*!50503 SET character_set_client = utf8mb4 */;
CREATE TABLE `menu_roles` (
  `menu_id` int unsigned NOT NULL,
  `role_id` int unsigned NOT NULL,
  PRIMARY KEY (`menu_id`,`role_id`),
  KEY `fk_mr_role` (`role_id`),
  CONSTRAINT `fk_mr_menu` FOREIGN KEY (`menu_id`) REFERENCES `menus` (`id`) ON DELETE CASCADE,
  CONSTRAINT `fk_mr_role` FOREIGN KEY (`role_id`) REFERENCES `roles` (`id`) ON DELETE CASCADE
) ENGINE=InnoDB DEFAULT CHARSET=utf8mb4 COLLATE=utf8mb4_unicode_ci;
/*!40101 SET character_set_client = @saved_cs_client */;

--
-- Dumping data for table `menu_roles`
--

LOCK TABLES `menu_roles` WRITE;
/*!40000 ALTER TABLE `menu_roles` DISABLE KEYS */;
INSERT INTO `menu_roles` VALUES (1,1),(2,1),(3,1),(4,1),(5,1),(13,1),(1,2),(2,2),(3,2),(4,2),(5,2),(13,2),(1,3),(2,3);
/*!40000 ALTER TABLE `menu_roles` ENABLE KEYS */;
UNLOCK TABLES;

--
-- Table structure for table `menus`
--

DROP TABLE IF EXISTS `menus`;
/*!40101 SET @saved_cs_client     = @@character_set_client */;
/*!50503 SET character_set_client = utf8mb4 */;
CREATE TABLE `menus` (
  `id` int unsigned NOT NULL AUTO_INCREMENT,
  `name` varchar(150) COLLATE utf8mb4_unicode_ci NOT NULL,
  `slug` varchar(100) COLLATE utf8mb4_unicode_ci NOT NULL,
  `path` varchar(255) COLLATE utf8mb4_unicode_ci NOT NULL DEFAULT '',
  `icon` varchar(100) COLLATE utf8mb4_unicode_ci DEFAULT NULL,
  `sort_order` int NOT NULL DEFAULT '0',
  `status` tinyint(1) NOT NULL DEFAULT '1',
  `created_at` timestamp NOT NULL DEFAULT CURRENT_TIMESTAMP,
  `updated_at` timestamp NOT NULL DEFAULT CURRENT_TIMESTAMP ON UPDATE CURRENT_TIMESTAMP,
  `created_by` int unsigned DEFAULT NULL,
  `updated_by` int unsigned DEFAULT NULL,
  PRIMARY KEY (`id`),
  UNIQUE KEY `uk_menus_slug` (`slug`),
  KEY `fk_menus_created_by` (`created_by`),
  KEY `fk_menus_updated_by` (`updated_by`),
  CONSTRAINT `fk_menus_created_by` FOREIGN KEY (`created_by`) REFERENCES `users` (`id`) ON DELETE SET NULL,
  CONSTRAINT `fk_menus_updated_by` FOREIGN KEY (`updated_by`) REFERENCES `users` (`id`) ON DELETE SET NULL
) ENGINE=InnoDB AUTO_INCREMENT=14 DEFAULT CHARSET=utf8mb4 COLLATE=utf8mb4_unicode_ci;
/*!40101 SET character_set_client = @saved_cs_client */;

--
-- Dumping data for table `menus`
--

LOCK TABLES `menus` WRITE;
/*!40000 ALTER TABLE `menus` DISABLE KEYS */;
INSERT INTO `menus` VALUES (1,'Dashboard','dashboard','/admin','layout-dashboard',0,1,'2026-04-07 07:56:04','2026-04-07 07:56:04',NULL,NULL),(2,'Projects','projects','#','briefcase',10,1,'2026-04-07 07:56:04','2026-04-07 07:56:04',NULL,NULL),(3,'Users & Roles','users-roles','#','users',20,1,'2026-04-07 07:56:04','2026-04-07 07:56:04',NULL,NULL),(4,'Masters','masters','#','map',30,1,'2026-04-07 07:56:04','2026-04-07 07:56:04',NULL,NULL),(5,'Settings','settings','#','settings',100,1,'2026-04-07 07:56:04','2026-04-07 07:56:04',NULL,NULL),(6,'Content','content','#','folder',999,0,'2026-04-07 07:56:04','2026-04-07 07:56:04',NULL,NULL),(13,'Website setting','menu-website','#','settings',90,1,'2026-04-07 11:22:31','2026-04-07 11:32:18',NULL,NULL);
/*!40000 ALTER TABLE `menus` ENABLE KEYS */;
UNLOCK TABLES;

--
-- Table structure for table `pages`
--

DROP TABLE IF EXISTS `pages`;
/*!40101 SET @saved_cs_client     = @@character_set_client */;
/*!50503 SET character_set_client = utf8mb4 */;
CREATE TABLE `pages` (
  `id` int unsigned NOT NULL AUTO_INCREMENT,
  `title` varchar(255) COLLATE utf8mb4_unicode_ci NOT NULL,
  `slug` varchar(150) COLLATE utf8mb4_unicode_ci NOT NULL,
  `content` mediumtext COLLATE utf8mb4_unicode_ci,
  `is_published` tinyint(1) NOT NULL DEFAULT '0',
  `sort_order` int NOT NULL DEFAULT '0',
  `status` tinyint(1) NOT NULL DEFAULT '1',
  `created_at` timestamp NOT NULL DEFAULT CURRENT_TIMESTAMP,
  `updated_at` timestamp NOT NULL DEFAULT CURRENT_TIMESTAMP ON UPDATE CURRENT_TIMESTAMP,
  `created_by` int unsigned DEFAULT NULL,
  `updated_by` int unsigned DEFAULT NULL,
  PRIMARY KEY (`id`),
  UNIQUE KEY `uk_pages_slug` (`slug`),
  KEY `fk_pages_created_by` (`created_by`),
  KEY `fk_pages_updated_by` (`updated_by`),
  CONSTRAINT `fk_pages_created_by` FOREIGN KEY (`created_by`) REFERENCES `users` (`id`) ON DELETE SET NULL,
  CONSTRAINT `fk_pages_updated_by` FOREIGN KEY (`updated_by`) REFERENCES `users` (`id`) ON DELETE SET NULL
) ENGINE=InnoDB AUTO_INCREMENT=3 DEFAULT CHARSET=utf8mb4 COLLATE=utf8mb4_unicode_ci;
/*!40101 SET character_set_client = @saved_cs_client */;

--
-- Dumping data for table `pages`
--

LOCK TABLES `pages` WRITE;
/*!40000 ALTER TABLE `pages` DISABLE KEYS */;
INSERT INTO `pages` VALUES (1,'About','about','<p>About this portal.</p>',1,1,1,'2026-04-07 07:56:04','2026-04-07 07:56:04',NULL,NULL);
/*!40000 ALTER TABLE `pages` ENABLE KEYS */;
UNLOCK TABLES;

--
-- Table structure for table `permissions`
--

DROP TABLE IF EXISTS `permissions`;
/*!40101 SET @saved_cs_client     = @@character_set_client */;
/*!50503 SET character_set_client = utf8mb4 */;
CREATE TABLE `permissions` (
  `id` int unsigned NOT NULL AUTO_INCREMENT,
  `name` varchar(150) COLLATE utf8mb4_unicode_ci NOT NULL,
  `slug` varchar(150) COLLATE utf8mb4_unicode_ci NOT NULL,
  `resource` varchar(100) COLLATE utf8mb4_unicode_ci NOT NULL,
  `action` varchar(50) COLLATE utf8mb4_unicode_ci NOT NULL,
  `status` tinyint(1) NOT NULL DEFAULT '1',
  `created_at` timestamp NOT NULL DEFAULT CURRENT_TIMESTAMP,
  `updated_at` timestamp NOT NULL DEFAULT CURRENT_TIMESTAMP ON UPDATE CURRENT_TIMESTAMP,
  `created_by` int unsigned DEFAULT NULL,
  `updated_by` int unsigned DEFAULT NULL,
  PRIMARY KEY (`id`),
  UNIQUE KEY `uk_permissions_slug` (`slug`),
  KEY `idx_permissions_resource` (`resource`),
  KEY `fk_perms_created_by` (`created_by`),
  KEY `fk_perms_updated_by` (`updated_by`),
  CONSTRAINT `fk_perms_created_by` FOREIGN KEY (`created_by`) REFERENCES `users` (`id`) ON DELETE SET NULL,
  CONSTRAINT `fk_perms_updated_by` FOREIGN KEY (`updated_by`) REFERENCES `users` (`id`) ON DELETE SET NULL
) ENGINE=InnoDB AUTO_INCREMENT=45 DEFAULT CHARSET=utf8mb4 COLLATE=utf8mb4_unicode_ci;
/*!40101 SET character_set_client = @saved_cs_client */;

--
-- Dumping data for table `permissions`
--

LOCK TABLES `permissions` WRITE;
/*!40000 ALTER TABLE `permissions` DISABLE KEYS */;
INSERT INTO `permissions` VALUES (1,'Settings view','settings.view','settings','view',1,'2026-04-07 07:56:04','2026-04-07 07:56:04',NULL,NULL),(2,'Settings edit','settings.edit','settings','edit',1,'2026-04-07 07:56:04','2026-04-07 07:56:04',NULL,NULL),(3,'Users view','users.view','users','view',1,'2026-04-07 07:56:04','2026-04-07 07:56:04',NULL,NULL),(4,'Users create','users.create','users','create',1,'2026-04-07 07:56:04','2026-04-07 07:56:04',NULL,NULL),(5,'Users edit','users.edit','users','edit',1,'2026-04-07 07:56:04','2026-04-07 07:56:04',NULL,NULL),(6,'Users delete','users.delete','users','delete',1,'2026-04-07 07:56:04','2026-04-07 07:56:04',NULL,NULL),(7,'Roles view','roles.view','roles','view',1,'2026-04-07 07:56:04','2026-04-07 07:56:04',NULL,NULL),(8,'Roles edit','roles.edit','roles','edit',1,'2026-04-07 07:56:04','2026-04-07 07:56:04',NULL,NULL),(9,'Menus view','menus.view','menus','view',1,'2026-04-07 07:56:04','2026-04-07 07:56:04',NULL,NULL),(10,'Menus edit','menus.edit','menus','edit',1,'2026-04-07 07:56:04','2026-04-07 07:56:04',NULL,NULL),(11,'Pages view','pages.view','pages','view',1,'2026-04-07 07:56:04','2026-04-07 07:56:04',NULL,NULL),(12,'Pages edit','pages.edit','pages','edit',1,'2026-04-07 07:56:04','2026-04-07 07:56:04',NULL,NULL),(13,'States view','states.view','states','view',1,'2026-04-07 07:56:04','2026-04-07 07:56:04',NULL,NULL),(14,'States edit','states.edit','states','edit',1,'2026-04-07 07:56:04','2026-04-07 07:56:04',NULL,NULL),(15,'Projects view','projects.view','projects','view',1,'2026-04-07 07:56:04','2026-04-07 07:56:04',NULL,NULL),(16,'Projects create','projects.create','projects','create',1,'2026-04-07 07:56:04','2026-04-07 07:56:04',NULL,NULL),(17,'Projects edit','projects.edit','projects','edit',1,'2026-04-07 07:56:04','2026-04-07 07:56:04',NULL,NULL),(18,'Projects delete','projects.delete','projects','delete',1,'2026-04-07 07:56:04','2026-04-07 07:56:04',NULL,NULL),(19,'Projects approve','projects.approve','projects','approve',1,'2026-04-07 07:56:04','2026-04-07 07:56:04',NULL,NULL),(20,'Categories view','categories.view','categories','view',1,'2026-04-07 07:56:04','2026-04-07 07:56:04',NULL,NULL),(21,'Categories edit','categories.edit','categories','edit',1,'2026-04-07 07:56:04','2026-04-07 07:56:04',NULL,NULL);
/*!40000 ALTER TABLE `permissions` ENABLE KEYS */;
UNLOCK TABLES;

--
-- Table structure for table `project_categories`
--

DROP TABLE IF EXISTS `project_categories`;
/*!40101 SET @saved_cs_client     = @@character_set_client */;
/*!50503 SET character_set_client = utf8mb4 */;
CREATE TABLE `project_categories` (
  `id` int unsigned NOT NULL AUTO_INCREMENT,
  `name` varchar(150) COLLATE utf8mb4_unicode_ci NOT NULL,
  `slug` varchar(100) COLLATE utf8mb4_unicode_ci NOT NULL,
  `status` tinyint(1) NOT NULL DEFAULT '1',
  `created_at` timestamp NOT NULL DEFAULT CURRENT_TIMESTAMP,
  `updated_at` timestamp NOT NULL DEFAULT CURRENT_TIMESTAMP ON UPDATE CURRENT_TIMESTAMP,
  `created_by` int unsigned DEFAULT NULL,
  `updated_by` int unsigned DEFAULT NULL,
  PRIMARY KEY (`id`),
  UNIQUE KEY `uk_project_categories_slug` (`slug`),
  KEY `fk_pc_created_by` (`created_by`),
  KEY `fk_pc_updated_by` (`updated_by`),
  CONSTRAINT `fk_pc_created_by` FOREIGN KEY (`created_by`) REFERENCES `users` (`id`) ON DELETE SET NULL,
  CONSTRAINT `fk_pc_updated_by` FOREIGN KEY (`updated_by`) REFERENCES `users` (`id`) ON DELETE SET NULL
) ENGINE=InnoDB AUTO_INCREMENT=4 DEFAULT CHARSET=utf8mb4 COLLATE=utf8mb4_unicode_ci;
/*!40101 SET character_set_client = @saved_cs_client */;

--
-- Dumping data for table `project_categories`
--

LOCK TABLES `project_categories` WRITE;
/*!40000 ALTER TABLE `project_categories` DISABLE KEYS */;
INSERT INTO `project_categories` VALUES (1,'Generall','general',1,'2026-04-07 07:56:04','2026-04-07 08:12:19',NULL,1);
/*!40000 ALTER TABLE `project_categories` ENABLE KEYS */;
UNLOCK TABLES;

--
-- Table structure for table `project_photos`
--

DROP TABLE IF EXISTS `project_photos`;
/*!40101 SET @saved_cs_client     = @@character_set_client */;
/*!50503 SET character_set_client = utf8mb4 */;
CREATE TABLE `project_photos` (
  `id` int unsigned NOT NULL AUTO_INCREMENT,
  `project_id` int unsigned NOT NULL,
  `kind` varchar(16) COLLATE utf8mb4_unicode_ci NOT NULL COMMENT 'before or after',
  `file_path` varchar(500) COLLATE utf8mb4_unicode_ci NOT NULL,
  `original_name` varchar(255) COLLATE utf8mb4_unicode_ci DEFAULT NULL,
  `sort_order` int NOT NULL DEFAULT '0',
  `status` tinyint(1) NOT NULL DEFAULT '1',
  `created_at` timestamp NOT NULL DEFAULT CURRENT_TIMESTAMP,
  `updated_at` timestamp NOT NULL DEFAULT CURRENT_TIMESTAMP ON UPDATE CURRENT_TIMESTAMP,
  `created_by` int unsigned DEFAULT NULL,
  `updated_by` int unsigned DEFAULT NULL,
  PRIMARY KEY (`id`),
  KEY `idx_pp_project_kind` (`project_id`,`kind`,`sort_order`),
  KEY `fk_pp_created_by` (`created_by`),
  KEY `fk_pp_updated_by` (`updated_by`),
  CONSTRAINT `fk_pp_created_by` FOREIGN KEY (`created_by`) REFERENCES `users` (`id`) ON DELETE SET NULL,
  CONSTRAINT `fk_pp_project` FOREIGN KEY (`project_id`) REFERENCES `projects` (`id`) ON DELETE CASCADE,
  CONSTRAINT `fk_pp_updated_by` FOREIGN KEY (`updated_by`) REFERENCES `users` (`id`) ON DELETE SET NULL
) ENGINE=InnoDB AUTO_INCREMENT=12 DEFAULT CHARSET=utf8mb4 COLLATE=utf8mb4_unicode_ci;
/*!40101 SET character_set_client = @saved_cs_client */;

--
-- Dumping data for table `project_photos`
--

LOCK TABLES `project_photos` WRITE;
/*!40000 ALTER TABLE `project_photos` DISABLE KEYS */;
INSERT INTO `project_photos` VALUES (1,1,'before','projects/1_MH_MH-MUM-PAX/before/1775549942933-tenz7bjdyrp.jpeg','WhatsApp Image 2026-03-04 at 1.52.46 PM.jpeg',0,1,'2026-04-07 08:19:02','2026-04-07 08:19:02',1,1),(2,1,'before','projects/1_MH_MH-MUM-PAX/before/1775549942939-16um3ut1kqp.jpeg','WhatsApp Image 2026-03-04 at 1.51.56 PM.jpeg',1,1,'2026-04-07 08:19:02','2026-04-07 08:19:02',1,1),(3,1,'before','projects/1_MH_MH-MUM-PAX/before/1775549942943-hdfgc24qtku.jpeg','WhatsApp Image 2026-03-04 at 4.50.48 PM.jpeg',2,1,'2026-04-07 08:19:02','2026-04-07 08:19:02',1,1),(4,1,'after','projects/1_MH_MH-MUM-PAX/after/1775549942947-a9k68qx6rbd.jpeg','WhatsApp Image 2025-12-03 at 2.38.55 PM.jpeg',0,1,'2026-04-07 08:19:02','2026-04-07 08:19:02',1,1),(5,1,'after','projects/1_MH_MH-MUM-PAX/after/1775549942947-ci8asrb74e.jpeg','WhatsApp Image 2025-12-01 at 6.05.03 PM.jpeg',1,1,'2026-04-07 08:19:02','2026-04-07 08:19:02',1,1),(6,1,'after','projects/1_MH_MH-MUM-PAX/after/1775549942949-ur9rad2uc5b.jpeg','WhatsApp Image 2025-12-01 at 6.01.56 PM.jpeg',2,1,'2026-04-07 08:19:02','2026-04-07 08:19:02',1,1),(7,2,'before','projects/2_KA_KA-BLR-PAX/before/1775559605443-nugimgazxt.gif','MO_duckhorn_new_1.gif',0,1,'2026-04-07 11:00:05','2026-04-07 11:00:05',1,1),(8,2,'before','projects/2_KA_KA-BLR-PAX/before/1775559605445-pde22dgscfq.gif','MO_duckhorn_new.gif',1,1,'2026-04-07 11:00:05','2026-04-07 11:00:05',1,1),(9,2,'before','projects/2_KA_KA-BLR-PAX/before/1775559605446-75r073ywql9.gif','Nate_Signature (1).gif',2,1,'2026-04-07 11:00:05','2026-04-07 11:00:05',1,1),(10,2,'after','projects/2_KA_KA-BLR-PAX/after/1775559605447-45wpuhxgbtx.jpeg','WhatsApp Image 2025-10-17 at 7.09.43 AM.jpeg',0,1,'2026-04-07 11:00:05','2026-04-07 11:00:05',1,1),(11,2,'after','projects/2_KA_KA-BLR-PAX/after/1775559605448-euvsibvakno.jpeg','WhatsApp Image 2025-10-14 at 10.42.27 AM.jpeg',1,1,'2026-04-07 11:00:05','2026-04-07 11:00:05',1,1);
/*!40000 ALTER TABLE `project_photos` ENABLE KEYS */;
UNLOCK TABLES;

--
-- Table structure for table `projects`
--

DROP TABLE IF EXISTS `projects`;
/*!40101 SET @saved_cs_client     = @@character_set_client */;
/*!50503 SET character_set_client = utf8mb4 */;
CREATE TABLE `projects` (
  `id` int unsigned NOT NULL AUTO_INCREMENT,
  `project_name` varchar(255) COLLATE utf8mb4_unicode_ci NOT NULL,
  `procurement_name` varchar(255) COLLATE utf8mb4_unicode_ci NOT NULL DEFAULT '',
  `address` text COLLATE utf8mb4_unicode_ci NOT NULL,
  `beneficiary_details` text COLLATE utf8mb4_unicode_ci,
  `description` text COLLATE utf8mb4_unicode_ci,
  `city` varchar(150) COLLATE utf8mb4_unicode_ci NOT NULL DEFAULT '',
  `pincode` varchar(20) COLLATE utf8mb4_unicode_ci NOT NULL DEFAULT '',
  `procurement_type` varchar(150) COLLATE utf8mb4_unicode_ci NOT NULL DEFAULT '',
  `contact_number` varchar(50) COLLATE utf8mb4_unicode_ci NOT NULL DEFAULT '',
  `start_date` date DEFAULT NULL,
  `end_date` date DEFAULT NULL,
  `start_year` smallint unsigned DEFAULT NULL COMMENT 'Year of start_date; set on write',
  `old_photo_path` varchar(500) COLLATE utf8mb4_unicode_ci DEFAULT NULL,
  `new_photo_path` varchar(500) COLLATE utf8mb4_unicode_ci DEFAULT NULL,
  `workflow_status` varchar(32) COLLATE utf8mb4_unicode_ci NOT NULL DEFAULT 'in_progress' COMMENT 'in_progress, completed, blocked',
  `block_reason` text COLLATE utf8mb4_unicode_ci,
  `is_submitted` tinyint(1) NOT NULL DEFAULT '0',
  `is_approved` tinyint(1) NOT NULL DEFAULT '0',
  `approval_comment` text COLLATE utf8mb4_unicode_ci,
  `approved_by` int unsigned DEFAULT NULL,
  `approved_at` timestamp NULL DEFAULT NULL,
  `category_id` int unsigned NOT NULL,
  `state_id` int unsigned NOT NULL,
  `location_id` int unsigned NOT NULL,
  `status` tinyint(1) NOT NULL DEFAULT '1' COMMENT '1 active, 0 soft-deleted',
  `created_at` timestamp NOT NULL DEFAULT CURRENT_TIMESTAMP,
  `updated_at` timestamp NOT NULL DEFAULT CURRENT_TIMESTAMP ON UPDATE CURRENT_TIMESTAMP,
  `created_by` int unsigned DEFAULT NULL,
  `updated_by` int unsigned DEFAULT NULL,
  PRIMARY KEY (`id`),
  KEY `fk_projects_location` (`location_id`),
  KEY `fk_projects_user` (`created_by`),
  KEY `fk_projects_updated_by` (`updated_by`),
  KEY `fk_projects_approved_by` (`approved_by`),
  KEY `idx_projects_state_loc` (`state_id`,`location_id`),
  KEY `idx_projects_status` (`status`),
  KEY `idx_projects_submitted` (`is_submitted`,`is_approved`),
  KEY `idx_projects_category` (`category_id`),
  CONSTRAINT `fk_projects_approved_by` FOREIGN KEY (`approved_by`) REFERENCES `users` (`id`) ON DELETE SET NULL,
  CONSTRAINT `fk_projects_category` FOREIGN KEY (`category_id`) REFERENCES `project_categories` (`id`),
  CONSTRAINT `fk_projects_location` FOREIGN KEY (`location_id`) REFERENCES `locations` (`id`),
  CONSTRAINT `fk_projects_state` FOREIGN KEY (`state_id`) REFERENCES `states` (`id`),
  CONSTRAINT `fk_projects_updated_by` FOREIGN KEY (`updated_by`) REFERENCES `users` (`id`) ON DELETE SET NULL,
  CONSTRAINT `fk_projects_user` FOREIGN KEY (`created_by`) REFERENCES `users` (`id`) ON DELETE SET NULL
) ENGINE=InnoDB AUTO_INCREMENT=3 DEFAULT CHARSET=utf8mb4 COLLATE=utf8mb4_unicode_ci;
/*!40101 SET character_set_client = @saved_cs_client */;

--
-- Dumping data for table `projects`
--

LOCK TABLES `projects` WRITE;
/*!40000 ALTER TABLE `projects` DISABLE KEYS */;
INSERT INTO `projects` VALUES (1,'Smart Village Drinking Water Initiative','HCCB','No. 45, Panchayat Road, Near Government School','This project focuses on improving access to clean and safe drinking water in rural areas through installation of purification systems and pipeline networks.','The project aims to install water purification units and develop a sustainable water distribution pipeline system across the village. It includes maintenance planning and community training for long-term usage.','pune','232323','HCCB','9673728738','2025-11-07','2025-11-22',2025,'projects/1_MH_MH-MUM-PAX/before/1775549942933-tenz7bjdyrp.jpeg','projects/1_MH_MH-MUM-PAX/after/1775549942947-a9k68qx6rbd.jpeg','completed',NULL,1,1,NULL,1,'2026-04-07 08:30:17',1,14,1,1,'2026-04-07 08:18:24','2026-04-07 12:43:52',1,1),(2,'Urban Green Park Development Project','sadadasda','A-136,uday colony near akurdi railway station , gurudwara chowck\nwalhekarwadi','Beneficiary Details:\n\nTarget Group: Urban residents\nEstimated Beneficiaries: 10,000 people\nPrimary Beneficiaries: Families, children, fitness enthusiasts\nSecondary Beneficiaries: Local businesses and tourists','Description:\nThe project includes landscaping, tree plantation, jogging tracks, children\'s play areas, and installation of solar lighting. It also focuses on long-term maintenance and waste management systems.','pune','411033','sadadasda','9673728738','2025-11-07','2025-11-22',2025,'projects/2_KA_KA-BLR-PAX/before/1775559605443-nugimgazxt.gif','projects/2_KA_KA-BLR-PAX/after/1775559605447-45wpuhxgbtx.jpeg','completed',NULL,1,1,NULL,1,'2026-04-07 11:13:45',1,11,3,1,'2026-04-07 10:59:34','2026-04-07 12:43:52',1,1);
/*!40000 ALTER TABLE `projects` ENABLE KEYS */;
UNLOCK TABLES;

--
-- Table structure for table `refresh_tokens`
--

DROP TABLE IF EXISTS `refresh_tokens`;
/*!40101 SET @saved_cs_client     = @@character_set_client */;
/*!50503 SET character_set_client = utf8mb4 */;
CREATE TABLE `refresh_tokens` (
  `id` int unsigned NOT NULL AUTO_INCREMENT,
  `user_id` int unsigned NOT NULL,
  `token_hash` varchar(128) COLLATE utf8mb4_unicode_ci NOT NULL,
  `expires_at` timestamp NOT NULL,
  `created_at` timestamp NOT NULL DEFAULT CURRENT_TIMESTAMP,
  `revoked_at` timestamp NULL DEFAULT NULL,
  PRIMARY KEY (`id`),
  KEY `idx_rt_user` (`user_id`),
  KEY `idx_rt_expires` (`expires_at`),
  CONSTRAINT `fk_rt_user` FOREIGN KEY (`user_id`) REFERENCES `users` (`id`) ON DELETE CASCADE
) ENGINE=InnoDB AUTO_INCREMENT=4 DEFAULT CHARSET=utf8mb4 COLLATE=utf8mb4_unicode_ci;
/*!40101 SET character_set_client = @saved_cs_client */;

--
-- Dumping data for table `refresh_tokens`
--

LOCK TABLES `refresh_tokens` WRITE;
/*!40000 ALTER TABLE `refresh_tokens` DISABLE KEYS */;
INSERT INTO `refresh_tokens` VALUES (1,1,'959bb30e01e8b17d50c89a4f8274e38ad57726bfd7153bef7dbc58d4549a1760','2026-04-14 07:59:57','2026-04-07 07:59:57',NULL),(2,1,'75bdecbadd728ff2551c46ed5402ad10746820a6fa539df42bb5e7db7f9f7061','2026-04-14 10:56:44','2026-04-07 10:56:43','2026-04-07 12:54:51'),(3,1,'056767bffb63721dda52483df9a4fff2cb4b48f997730e1a09e45959c806fb45','2026-04-14 12:54:54','2026-04-07 12:54:53',NULL);
/*!40000 ALTER TABLE `refresh_tokens` ENABLE KEYS */;
UNLOCK TABLES;

--
-- Table structure for table `role_permissions`
--

DROP TABLE IF EXISTS `role_permissions`;
/*!40101 SET @saved_cs_client     = @@character_set_client */;
/*!50503 SET character_set_client = utf8mb4 */;
CREATE TABLE `role_permissions` (
  `role_id` int unsigned NOT NULL,
  `permission_id` int unsigned NOT NULL,
  PRIMARY KEY (`role_id`,`permission_id`),
  KEY `fk_rp_perm` (`permission_id`),
  CONSTRAINT `fk_rp_perm` FOREIGN KEY (`permission_id`) REFERENCES `permissions` (`id`) ON DELETE CASCADE,
  CONSTRAINT `fk_rp_role` FOREIGN KEY (`role_id`) REFERENCES `roles` (`id`) ON DELETE CASCADE
) ENGINE=InnoDB DEFAULT CHARSET=utf8mb4 COLLATE=utf8mb4_unicode_ci;
/*!40101 SET character_set_client = @saved_cs_client */;

--
-- Dumping data for table `role_permissions`
--

LOCK TABLES `role_permissions` WRITE;
/*!40000 ALTER TABLE `role_permissions` DISABLE KEYS */;
INSERT INTO `role_permissions` VALUES (1,1),(2,1),(1,2),(2,2),(1,3),(2,3),(1,4),(2,4),(1,5),(2,5),(1,6),(1,7),(2,7),(1,8),(1,9),(2,9),(3,9),(1,10),(2,10),(1,11),(2,11),(3,11),(1,12),(2,12),(1,13),(2,13),(1,14),(2,14),(1,15),(2,15),(3,15),(1,16),(2,16),(1,17),(2,17),(1,18),(2,18),(1,19),(2,19),(1,20),(2,20),(3,20),(1,21),(2,21);
/*!40000 ALTER TABLE `role_permissions` ENABLE KEYS */;
UNLOCK TABLES;

--
-- Table structure for table `roles`
--

DROP TABLE IF EXISTS `roles`;
/*!40101 SET @saved_cs_client     = @@character_set_client */;
/*!50503 SET character_set_client = utf8mb4 */;
CREATE TABLE `roles` (
  `id` int unsigned NOT NULL AUTO_INCREMENT,
  `name` varchar(100) COLLATE utf8mb4_unicode_ci NOT NULL,
  `slug` varchar(100) COLLATE utf8mb4_unicode_ci NOT NULL,
  `description` varchar(500) COLLATE utf8mb4_unicode_ci DEFAULT NULL,
  `status` tinyint(1) NOT NULL DEFAULT '1',
  `created_at` timestamp NOT NULL DEFAULT CURRENT_TIMESTAMP,
  `updated_at` timestamp NOT NULL DEFAULT CURRENT_TIMESTAMP ON UPDATE CURRENT_TIMESTAMP,
  `created_by` int unsigned DEFAULT NULL,
  `updated_by` int unsigned DEFAULT NULL,
  PRIMARY KEY (`id`),
  UNIQUE KEY `uk_roles_slug` (`slug`),
  KEY `fk_roles_created_by` (`created_by`),
  KEY `fk_roles_updated_by` (`updated_by`),
  CONSTRAINT `fk_roles_created_by` FOREIGN KEY (`created_by`) REFERENCES `users` (`id`) ON DELETE SET NULL,
  CONSTRAINT `fk_roles_updated_by` FOREIGN KEY (`updated_by`) REFERENCES `users` (`id`) ON DELETE SET NULL
) ENGINE=InnoDB AUTO_INCREMENT=7 DEFAULT CHARSET=utf8mb4 COLLATE=utf8mb4_unicode_ci;
/*!40101 SET character_set_client = @saved_cs_client */;

--
-- Dumping data for table `roles`
--

LOCK TABLES `roles` WRITE;
/*!40000 ALTER TABLE `roles` DISABLE KEYS */;
INSERT INTO `roles` VALUES (1,'Super Admin','super_admin','Full system access',1,'2026-04-07 07:56:04','2026-04-07 07:56:04',NULL,NULL),(2,'Admin','admin','Manage content and users',1,'2026-04-07 07:56:04','2026-04-07 07:56:04',NULL,NULL),(3,'Viewer','viewer','Read-only portal access',1,'2026-04-07 07:56:04','2026-04-07 07:56:04',NULL,NULL);
/*!40000 ALTER TABLE `roles` ENABLE KEYS */;
UNLOCK TABLES;

--
-- Table structure for table `settings`
--

DROP TABLE IF EXISTS `settings`;
/*!40101 SET @saved_cs_client     = @@character_set_client */;
/*!50503 SET character_set_client = utf8mb4 */;
CREATE TABLE `settings` (
  `id` int unsigned NOT NULL AUTO_INCREMENT,
  `setting_key` varchar(100) COLLATE utf8mb4_unicode_ci NOT NULL,
  `setting_value` mediumtext COLLATE utf8mb4_unicode_ci,
  `status` tinyint(1) NOT NULL DEFAULT '1',
  `created_at` timestamp NOT NULL DEFAULT CURRENT_TIMESTAMP,
  `updated_at` timestamp NOT NULL DEFAULT CURRENT_TIMESTAMP ON UPDATE CURRENT_TIMESTAMP,
  `created_by` int unsigned DEFAULT NULL,
  `updated_by` int unsigned DEFAULT NULL,
  PRIMARY KEY (`id`),
  UNIQUE KEY `uk_settings_key` (`setting_key`),
  KEY `fk_settings_created_by` (`created_by`),
  KEY `fk_settings_updated_by` (`updated_by`),
  CONSTRAINT `fk_settings_created_by` FOREIGN KEY (`created_by`) REFERENCES `users` (`id`) ON DELETE SET NULL,
  CONSTRAINT `fk_settings_updated_by` FOREIGN KEY (`updated_by`) REFERENCES `users` (`id`) ON DELETE SET NULL
) ENGINE=InnoDB AUTO_INCREMENT=19 DEFAULT CHARSET=utf8mb4 COLLATE=utf8mb4_unicode_ci;
/*!40101 SET character_set_client = @saved_cs_client */;

--
-- Dumping data for table `settings`
--

LOCK TABLES `settings` WRITE;
/*!40000 ALTER TABLE `settings` DISABLE KEYS */;
INSERT INTO `settings` VALUES (1,'portal.name','\"Project Reporting Portal\"',1,'2026-04-07 07:56:04','2026-04-07 07:56:04',NULL,NULL),(2,'portal.logo_path','null',1,'2026-04-07 07:56:04','2026-04-07 07:56:04',NULL,NULL),(3,'portal.header_html','\"<p>Official project reporting</p>\"',1,'2026-04-07 07:56:04','2026-04-07 07:56:04',NULL,NULL),(4,'portal.footer_html','\"<p>&copy; 2026</p>\"',1,'2026-04-07 07:56:04','2026-04-07 07:56:04',NULL,NULL),(5,'email.smtp_host','\"\"',1,'2026-04-07 07:56:04','2026-04-07 07:56:04',NULL,NULL),(6,'email.smtp_port','\"587\"',1,'2026-04-07 07:56:04','2026-04-07 07:56:04',NULL,NULL),(7,'email.smtp_user','\"\"',1,'2026-04-07 07:56:04','2026-04-07 07:56:04',NULL,NULL),(8,'email.smtp_secure','\"false\"',1,'2026-04-07 07:56:04','2026-04-07 07:56:04',NULL,NULL),(9,'email.from_address','\"\"',1,'2026-04-07 07:56:04','2026-04-07 07:56:04',NULL,NULL);
/*!40000 ALTER TABLE `settings` ENABLE KEYS */;
UNLOCK TABLES;

--
-- Table structure for table `states`
--

DROP TABLE IF EXISTS `states`;
/*!40101 SET @saved_cs_client     = @@character_set_client */;
/*!50503 SET character_set_client = utf8mb4 */;
CREATE TABLE `states` (
  `id` int unsigned NOT NULL AUTO_INCREMENT,
  `name` varchar(150) COLLATE utf8mb4_unicode_ci NOT NULL,
  `code` varchar(20) COLLATE utf8mb4_unicode_ci NOT NULL,
  `is_active` tinyint(1) NOT NULL DEFAULT '1',
  `sort_order` int NOT NULL DEFAULT '0',
  `created_at` timestamp NOT NULL DEFAULT CURRENT_TIMESTAMP,
  `updated_at` timestamp NOT NULL DEFAULT CURRENT_TIMESTAMP ON UPDATE CURRENT_TIMESTAMP,
  `created_by` int unsigned DEFAULT NULL,
  `updated_by` int unsigned DEFAULT NULL,
  PRIMARY KEY (`id`),
  UNIQUE KEY `uk_states_code` (`code`),
  KEY `fk_states_created_by` (`created_by`),
  KEY `fk_states_updated_by` (`updated_by`),
  CONSTRAINT `fk_states_created_by` FOREIGN KEY (`created_by`) REFERENCES `users` (`id`) ON DELETE SET NULL,
  CONSTRAINT `fk_states_updated_by` FOREIGN KEY (`updated_by`) REFERENCES `users` (`id`) ON DELETE SET NULL
) ENGINE=InnoDB AUTO_INCREMENT=109 DEFAULT CHARSET=utf8mb4 COLLATE=utf8mb4_unicode_ci;
/*!40101 SET character_set_client = @saved_cs_client */;

--
-- Dumping data for table `states`
--

LOCK TABLES `states` WRITE;
/*!40000 ALTER TABLE `states` DISABLE KEYS */;
INSERT INTO `states` VALUES (1,'Andhra Pradesh','AP',1,1,'2026-04-07 07:56:04','2026-04-07 07:56:04',NULL,NULL),(2,'Arunachal Pradesh','AR',0,2,'2026-04-07 07:56:04','2026-04-07 08:04:27',NULL,NULL),(3,'Assam','AS',0,3,'2026-04-07 07:56:04','2026-04-07 08:04:25',NULL,NULL),(4,'Bihar','BR',0,4,'2026-04-07 07:56:04','2026-04-07 08:03:34',NULL,NULL),(5,'Chhattisgarh','CG',0,5,'2026-04-07 07:56:04','2026-04-07 08:03:36',NULL,NULL),(6,'Goa','GA',1,6,'2026-04-07 07:56:04','2026-04-07 07:56:04',NULL,NULL),(7,'Gujarat','GJ',1,7,'2026-04-07 07:56:04','2026-04-07 07:56:04',NULL,NULL),(8,'Haryana','HR',0,8,'2026-04-07 07:56:04','2026-04-07 08:03:39',NULL,NULL),(9,'Himachal Pradesh','HP',0,9,'2026-04-07 07:56:04','2026-04-07 08:03:39',NULL,NULL),(10,'Jharkhand','JH',0,10,'2026-04-07 07:56:04','2026-04-07 08:03:41',NULL,NULL),(11,'Karnataka','KA',1,11,'2026-04-07 07:56:04','2026-04-07 07:56:04',NULL,NULL),(12,'Kerala','KL',1,12,'2026-04-07 07:56:04','2026-04-07 07:56:04',NULL,NULL),(13,'Madhya Pradesh','MP',1,13,'2026-04-07 07:56:04','2026-04-07 07:56:04',NULL,NULL),(14,'Maharashtra','MH',1,14,'2026-04-07 07:56:04','2026-04-07 07:56:04',NULL,NULL),(15,'Manipur','MN',0,15,'2026-04-07 07:56:04','2026-04-07 08:03:46',NULL,NULL),(16,'Meghalaya','ML',0,16,'2026-04-07 07:56:04','2026-04-07 08:03:49',NULL,NULL),(17,'Mizoram','MZ',0,17,'2026-04-07 07:56:04','2026-04-07 08:03:50',NULL,NULL),(18,'Nagaland','NL',0,18,'2026-04-07 07:56:04','2026-04-07 08:03:51',NULL,NULL),(19,'Odisha','OR',1,19,'2026-04-07 07:56:04','2026-04-07 07:56:04',NULL,NULL),(20,'Punjab','PB',0,20,'2026-04-07 07:56:04','2026-04-07 08:03:54',NULL,NULL),(21,'Rajasthan','RJ',0,21,'2026-04-07 07:56:04','2026-04-07 08:03:57',NULL,NULL),(22,'Sikkim','SK',0,22,'2026-04-07 07:56:04','2026-04-07 08:03:58',NULL,NULL),(23,'Tamil Nadu','TN',1,23,'2026-04-07 07:56:04','2026-04-07 07:56:04',NULL,NULL),(24,'Telangana','TS',1,24,'2026-04-07 07:56:04','2026-04-07 07:56:04',NULL,NULL),(25,'Tripura','TR',0,25,'2026-04-07 07:56:04','2026-04-07 08:04:01',NULL,NULL),(26,'Uttar Pradesh','UP',0,26,'2026-04-07 07:56:04','2026-04-07 08:04:03',NULL,NULL),(27,'Uttarakhand','UK',0,27,'2026-04-07 07:56:04','2026-04-07 08:04:04',NULL,NULL),(28,'West Bengal','WB',0,28,'2026-04-07 07:56:04','2026-04-07 08:04:05',NULL,NULL),(29,'Andaman and Nicobar Islands','AN',0,29,'2026-04-07 07:56:04','2026-04-07 08:04:06',NULL,NULL),(30,'Chandigarh','CH',0,30,'2026-04-07 07:56:04','2026-04-07 08:04:07',NULL,NULL),(31,'Dadra and Nagar Haveli and Daman and Diu','DN',0,31,'2026-04-07 07:56:04','2026-04-07 08:04:08',NULL,NULL),(32,'Delhi','DL',0,32,'2026-04-07 07:56:04','2026-04-07 08:04:10',NULL,NULL),(33,'Jammu and Kashmir','JK',0,33,'2026-04-07 07:56:04','2026-04-07 08:04:11',NULL,NULL),(34,'Ladakh','LA',0,34,'2026-04-07 07:56:04','2026-04-07 08:04:12',NULL,NULL),(35,'Lakshadweep','LD',0,35,'2026-04-07 07:56:04','2026-04-07 08:04:13',NULL,NULL),(36,'Puducherry','PY',0,36,'2026-04-07 07:56:04','2026-04-07 08:04:13',NULL,NULL);
/*!40000 ALTER TABLE `states` ENABLE KEYS */;
UNLOCK TABLES;

--
-- Table structure for table `submenu_roles`
--

DROP TABLE IF EXISTS `submenu_roles`;
/*!40101 SET @saved_cs_client     = @@character_set_client */;
/*!50503 SET character_set_client = utf8mb4 */;
CREATE TABLE `submenu_roles` (
  `submenu_id` int unsigned NOT NULL,
  `role_id` int unsigned NOT NULL,
  PRIMARY KEY (`submenu_id`,`role_id`),
  KEY `fk_sr_role` (`role_id`),
  CONSTRAINT `fk_sr_role` FOREIGN KEY (`role_id`) REFERENCES `roles` (`id`) ON DELETE CASCADE,
  CONSTRAINT `fk_sr_sub` FOREIGN KEY (`submenu_id`) REFERENCES `submenus` (`id`) ON DELETE CASCADE
) ENGINE=InnoDB DEFAULT CHARSET=utf8mb4 COLLATE=utf8mb4_unicode_ci;
/*!40101 SET character_set_client = @saved_cs_client */;

--
-- Dumping data for table `submenu_roles`
--

LOCK TABLES `submenu_roles` WRITE;
/*!40000 ALTER TABLE `submenu_roles` DISABLE KEYS */;
INSERT INTO `submenu_roles` VALUES (1,1),(2,1),(3,1),(4,1),(5,1),(6,1),(7,1),(8,1),(9,1),(11,1),(12,1),(25,1),(26,1),(27,1),(1,2),(2,2),(3,2),(4,2),(5,2),(6,2),(7,2),(8,2),(9,2),(11,2),(12,2),(25,2),(26,2),(27,2),(7,3),(8,3),(9,3),(10,3);
/*!40000 ALTER TABLE `submenu_roles` ENABLE KEYS */;
UNLOCK TABLES;

--
-- Table structure for table `submenus`
--

DROP TABLE IF EXISTS `submenus`;
/*!40101 SET @saved_cs_client     = @@character_set_client */;
/*!50503 SET character_set_client = utf8mb4 */;
CREATE TABLE `submenus` (
  `id` int unsigned NOT NULL AUTO_INCREMENT,
  `menu_id` int unsigned NOT NULL,
  `name` varchar(150) COLLATE utf8mb4_unicode_ci NOT NULL,
  `slug` varchar(100) COLLATE utf8mb4_unicode_ci NOT NULL,
  `path` varchar(255) COLLATE utf8mb4_unicode_ci NOT NULL DEFAULT '',
  `sort_order` int NOT NULL DEFAULT '0',
  `status` tinyint(1) NOT NULL DEFAULT '1',
  `created_at` timestamp NOT NULL DEFAULT CURRENT_TIMESTAMP,
  `updated_at` timestamp NOT NULL DEFAULT CURRENT_TIMESTAMP ON UPDATE CURRENT_TIMESTAMP,
  `created_by` int unsigned DEFAULT NULL,
  `updated_by` int unsigned DEFAULT NULL,
  PRIMARY KEY (`id`),
  UNIQUE KEY `uk_submenus_menu_slug` (`menu_id`,`slug`),
  KEY `fk_sub_created_by` (`created_by`),
  KEY `fk_sub_updated_by` (`updated_by`),
  CONSTRAINT `fk_sub_created_by` FOREIGN KEY (`created_by`) REFERENCES `users` (`id`) ON DELETE SET NULL,
  CONSTRAINT `fk_sub_updated_by` FOREIGN KEY (`updated_by`) REFERENCES `users` (`id`) ON DELETE SET NULL,
  CONSTRAINT `fk_submenus_menu` FOREIGN KEY (`menu_id`) REFERENCES `menus` (`id`) ON DELETE CASCADE
) ENGINE=InnoDB AUTO_INCREMENT=28 DEFAULT CHARSET=utf8mb4 COLLATE=utf8mb4_unicode_ci;
/*!40101 SET character_set_client = @saved_cs_client */;

--
-- Dumping data for table `submenus`
--

LOCK TABLES `submenus` WRITE;
/*!40000 ALTER TABLE `submenus` DISABLE KEYS */;
INSERT INTO `submenus` VALUES (1,5,'Portal & branding','portal-branding','/admin/settings/portal',0,1,'2026-04-07 07:56:04','2026-04-07 07:56:04',NULL,NULL),(2,5,'Email','email','/admin/settings/email',1,1,'2026-04-07 07:56:04','2026-04-07 07:56:04',NULL,NULL),(3,5,'Menus','menus','/admin/settings/menus',2,0,'2026-04-07 07:56:04','2026-04-07 11:22:31',NULL,NULL),(4,5,'Dynamic pages','pages','/admin/settings/pages',2,1,'2026-04-07 07:56:04','2026-04-07 11:22:31',NULL,NULL),(5,4,'Add State','states','/admin/states',0,1,'2026-04-07 07:56:04','2026-04-07 07:56:04',NULL,NULL),(6,4,'Add PAX','locations','/admin/locations',1,1,'2026-04-07 07:56:04','2026-04-07 07:56:04',NULL,NULL),(7,2,'Manage project','projects-manage','/admin/projects/manage',0,1,'2026-04-07 07:56:04','2026-04-07 07:56:04',NULL,NULL),(8,2,'Add project','projects-add','/admin/projects/new',1,1,'2026-04-07 07:56:04','2026-04-07 07:56:04',NULL,NULL),(9,2,'Project category','projects-category','/admin/projects/categories',2,1,'2026-04-07 07:56:04','2026-04-07 07:56:04',NULL,NULL),(10,2,'Approve project','projects-approve','/admin/projects/approve',3,0,'2026-04-07 07:56:04','2026-04-07 07:56:04',NULL,NULL),(11,3,'Add Users','users','/admin/users',0,1,'2026-04-07 07:56:04','2026-04-07 12:45:36',NULL,NULL),(12,3,'Add Roles','roles','/admin/roles',1,1,'2026-04-07 07:56:04','2026-04-07 12:46:19',NULL,NULL),(25,13,'Add Menu','menu-website-add-menu','/admin/settings/menu-website/add-menu',0,1,'2026-04-07 11:22:31','2026-04-07 11:22:31',NULL,NULL),(26,13,'Add Submenu','menu-website-add-submenu','/admin/settings/menu-website/add-submenu',1,1,'2026-04-07 11:22:31','2026-04-07 11:22:31',NULL,NULL),(27,5,'Application logs','application-logs','/admin/settings/logs',3,1,'2026-04-07 11:26:45','2026-04-07 11:29:49',NULL,NULL);
/*!40000 ALTER TABLE `submenus` ENABLE KEYS */;
UNLOCK TABLES;

--
-- Table structure for table `user_roles`
--

DROP TABLE IF EXISTS `user_roles`;
/*!40101 SET @saved_cs_client     = @@character_set_client */;
/*!50503 SET character_set_client = utf8mb4 */;
CREATE TABLE `user_roles` (
  `user_id` int unsigned NOT NULL,
  `role_id` int unsigned NOT NULL,
  PRIMARY KEY (`user_id`,`role_id`),
  KEY `fk_ur_role` (`role_id`),
  CONSTRAINT `fk_ur_role` FOREIGN KEY (`role_id`) REFERENCES `roles` (`id`) ON DELETE CASCADE,
  CONSTRAINT `fk_ur_user` FOREIGN KEY (`user_id`) REFERENCES `users` (`id`) ON DELETE CASCADE
) ENGINE=InnoDB DEFAULT CHARSET=utf8mb4 COLLATE=utf8mb4_unicode_ci;
/*!40101 SET character_set_client = @saved_cs_client */;

--
-- Dumping data for table `user_roles`
--

LOCK TABLES `user_roles` WRITE;
/*!40000 ALTER TABLE `user_roles` DISABLE KEYS */;
INSERT INTO `user_roles` VALUES (1,1);
/*!40000 ALTER TABLE `user_roles` ENABLE KEYS */;
UNLOCK TABLES;

--
-- Table structure for table `users`
--

DROP TABLE IF EXISTS `users`;
/*!40101 SET @saved_cs_client     = @@character_set_client */;
/*!50503 SET character_set_client = utf8mb4 */;
CREATE TABLE `users` (
  `id` int unsigned NOT NULL AUTO_INCREMENT,
  `email` varchar(255) COLLATE utf8mb4_unicode_ci NOT NULL,
  `username` varchar(100) COLLATE utf8mb4_unicode_ci NOT NULL,
  `password_hash` varchar(255) COLLATE utf8mb4_unicode_ci NOT NULL,
  `display_name` varchar(255) COLLATE utf8mb4_unicode_ci NOT NULL DEFAULT '',
  `is_active` tinyint(1) NOT NULL DEFAULT '1' COMMENT '1 active, 0 inactive (row status)',
  `created_at` timestamp NOT NULL DEFAULT CURRENT_TIMESTAMP,
  `updated_at` timestamp NOT NULL DEFAULT CURRENT_TIMESTAMP ON UPDATE CURRENT_TIMESTAMP,
  `created_by` int unsigned DEFAULT NULL,
  `updated_by` int unsigned DEFAULT NULL,
  PRIMARY KEY (`id`),
  UNIQUE KEY `uk_users_email` (`email`),
  UNIQUE KEY `uk_users_username` (`username`),
  KEY `fk_users_created_by` (`created_by`),
  KEY `fk_users_updated_by` (`updated_by`),
  CONSTRAINT `fk_users_created_by` FOREIGN KEY (`created_by`) REFERENCES `users` (`id`) ON DELETE SET NULL,
  CONSTRAINT `fk_users_updated_by` FOREIGN KEY (`updated_by`) REFERENCES `users` (`id`) ON DELETE SET NULL
) ENGINE=InnoDB AUTO_INCREMENT=2 DEFAULT CHARSET=utf8mb4 COLLATE=utf8mb4_unicode_ci;
/*!40101 SET character_set_client = @saved_cs_client */;

--
-- Dumping data for table `users`
--

LOCK TABLES `users` WRITE;
/*!40000 ALTER TABLE `users` DISABLE KEYS */;
INSERT INTO `users` VALUES (1,'admin@example.com','admin','$2a$12$A9Z/C/1K4AjNYzhmafs1hehCwMbmNWIKcGnXbZV6psgOp4Jq30B9O','Administrator',1,'2026-04-07 07:56:04','2026-04-07 07:56:04',NULL,NULL);
/*!40000 ALTER TABLE `users` ENABLE KEYS */;
UNLOCK TABLES;

--
-- Dumping events for database 'project_dashboard'
--

--
-- Dumping routines for database 'project_dashboard'
--
/*!40103 SET TIME_ZONE=@OLD_TIME_ZONE */;

/*!40101 SET SQL_MODE=@OLD_SQL_MODE */;
/*!40014 SET FOREIGN_KEY_CHECKS=@OLD_FOREIGN_KEY_CHECKS */;
/*!40014 SET UNIQUE_CHECKS=@OLD_UNIQUE_CHECKS */;
/*!40101 SET CHARACTER_SET_CLIENT=@OLD_CHARACTER_SET_CLIENT */;
/*!40101 SET CHARACTER_SET_RESULTS=@OLD_CHARACTER_SET_RESULTS */;
/*!40101 SET COLLATION_CONNECTION=@OLD_COLLATION_CONNECTION */;
/*!40111 SET SQL_NOTES=@OLD_SQL_NOTES */;

-- Dump completed on 2026-04-07 18:47:03
